-- database
drop database IF exists AirIndia_flights;
create database AirIndia_flights;
use AirIndia_flights;
-- Create the Airport table
CREATE TABLE Airport (
    Airport_ID INT PRIMARY KEY AUTO_INCREMENT,
    Name VARCHAR(100),
    City VARCHAR(50),
    Country VARCHAR(50),
    Code VARCHAR(3)
);

-- Create the Flight_Coupons table
CREATE TABLE Flight_Coupons (
    Coupon VARCHAR(20) PRIMARY KEY ,
    Discount_Percentage DECIMAL(5, 2)
);

-- Create the Flights table
CREATE TABLE Flights (
    Flight_ID INT PRIMARY KEY AUTO_INCREMENT,
    Departure_Airport_ID INT,
    Arrival_Airport_ID INT,
    Departure_Time DATETIME,
    Arrival_Time DATETIME,
    Duration INT,
    FOREIGN KEY (Departure_Airport_ID) REFERENCES Airport(Airport_ID),
    FOREIGN KEY (Arrival_Airport_ID) REFERENCES Airport(Airport_ID)
);

-- Create the Class table
CREATE TABLE Class (
    Class_Name VARCHAR(10) PRIMARY KEY ,
    Price DECIMAL(10, 2),
    Capacity INT,
    Class_Code VARCHAR(5),
    Flight_ID INT,
    FOREIGN KEY (Flight_ID) REFERENCES Flights(Flight_ID)
);

-- Create the Passengers table
CREATE TABLE Passengers (
    Passenger_ID INT PRIMARY KEY AUTO_INCREMENT,
    F_Name VARCHAR(50),
    L_Name VARCHAR(50),
    Email VARCHAR(100),
    Gender VARCHAR(10),
    Phone_Number VARCHAR(20)
    );

-- Create the Booking table
CREATE TABLE Booking (
    Booking_ID INT PRIMARY KEY AUTO_INCREMENT,
    Flight_ID INT,
    Class_Name VARCHAR(10),
    Booking_Time DATETIME,
    Total_Amount DECIMAL(10, 2),
    Customer_ID INT,
    Coupon_ID VARCHAR(20),
    Booked_By VARCHAR(10),
    FOREIGN KEY (Flight_ID) REFERENCES Flights(Flight_ID),
    FOREIGN KEY (Class_Name) REFERENCES Class(Class_Name),
    FOREIGN KEY (Coupon_ID) REFERENCES Flight_Coupons(Coupon),
    FOREIGN KEY (Customer_ID) REFERENCES Passengers(Passenger_ID)
);


-- Data
-- Insert data into Flight_Coupons table
INSERT INTO Flight_Coupons (Coupon, Discount_Percentage)
VALUES
    ('FLIGHT10', 10.00),
    ('NEW75', 7.50);
-- Airport
INSERT INTO Airport(Airport_ID,Name,City,Country,Code) VALUES 
(1,'Indira Gandhi International Airport','Delhi','INDIA','DEL'),
(2,'Chhatrapati Shivaji Maharaj International Airport','Mumbai','INDIA','BOM'),
(3,'Kempegowda International Airport','Bangalore','INDIA','BLR'),
(4,'Chennai International Airport','Chennai','INDIA','MAA'),
(5,'Netaji Subhas Chandra Bose International Airport','Kolkata','INDIA','CCU'),
(6,'Rajiv Gandhi International Airport','Hyderabad','INDIA','HYD'),
(7,'Cochin International Airport','Kochi','INDIA','COK'),
(8,'Pune Airport','Pune','INDIA','PNQ'),
(9,'Goa International Airport','Dabolim','INDIA','GOI'),
(10,'Sardar Vallabhbhai Patel International Airport','Ahmedabad','INDIA','AMD'),
(11,'Jaipur International Airport','Jaipur','INDIA','JAI'),
(12,'Thiruvananthapuram International Airport','Thiruvananthapuram','INDIA','TRV'),
(13,'Ahmedabad Airport','Ahmedabad','INDIA','AMD'),
(14,'Biju Patnaik International Airport','Bhubaneswar','INDIA','BBI'),
(15,'Amritsar International Airport','Amritsar','INDIA','ATQ'),
(16,'Guwahati International Airport','Guwahati','INDIA','GAU'),
(17,'Mangalore Airport','Mangalore','INDIA','IXE'),
(18,'Visakhapatnam International Airport','Visakhapatnam','INDIA','VTZ'),
(19,'Lucknow Airport','Lucknow','INDIA','LKO'),
(20,'Chandigarh International Airport','Chandigarh','INDIA','IXC'),
(21,'Indore Airport','Indore','INDIA','IDR'),
(22,'Trichy International Airport','Tiruchirappalli','INDIA','TRZ'),
(23,'Calicut International Airport','Kozhikode','INDIA','CCJ'),
(24,'Vijayawada International Airport','Vijayawada','INDIA','VGA'),
(25,'Varanasi Airport','Varanasi','INDIA','VNS'),
(26,'Bagdogra Airport','Bagdogra','INDIA','IXB'),
(27,'Srinagar International Airport','Srinagar','INDIA','SXR'),
(28,'Coimbatore International Airport','Coimbatore','INDIA','CJB'),
(29,'Madurai International Airport','Madurai','INDIA','IXM'),
(30,'Trivandrum International Airport','Thiruvananthapuram','INDIA','TRV'),
(31,'Jodhpur Airport','Jodhpur','INDIA','JDH'),
(32,'Leh Kushok Bakula Rimpochee Airport','Leh','INDIA','IXL'),
(33,'Bhopal Airport','Bhopal','INDIA','BHO'),
(34,'Dehradun Airport','Dehradun','INDIA','DED'),
(35,'Jammu Airport','Jammu','INDIA','IXJ'),
(36,'Rajkot Airport','Rajkot','INDIA','RAJ'),
(37,'Agartala Airport','Agartala','INDIA','IXA'),
(38,'Silchar Airport','Silchar','INDIA','IXS'),
(39,'Dibrugarh Airport','Dibrugarh','INDIA','DIB'),
(40,'Imphal Airport','Imphal','INDIA','IMF'),
(41,'Aizawl Airport','Aizawl','INDIA','AJL'),
(42,'Port Blair Airport','Port Blair','INDIA','IXZ'),
(43,'Udaipur Airport','Udaipur','INDIA','UDR'),
(44,'Raipur Airport','Raipur','INDIA','RPR'),
(45,'Patna Airport','Patna','INDIA','PAT'),
(46,'Ranchi Airport','Ranchi','INDIA','IXR'),
(47,'Jabalpur Airport','Jabalpur','INDIA','JLR'),
(48,'Allahabad Airport','Prayagraj','INDIA','IXD'),
(49,'Kanpur Airport','Kanpur','INDIA','KNU'),
(50,'Mysore Airport','Mysore','INDIA','MYQ'),
(51,'Surat Airport','Surat','INDIA','STV'),
(52,'Belgaum Airport','Belgaum','INDIA','IXG'),
(53,'Dharamshala Airport','Dharamshala','INDIA','DHM'),
(54,'Bhavnagar Airport','Bhavnagar','INDIA','BHU'),
(55,'Tirupati Airport','Tirupati','INDIA','TIR'),
(56,'Warangal Airport','Warangal','INDIA','WGC'),
(57,'Gwalior Airport','Gwalior','INDIA','GWL'),
(58,'Shillong Airport','Shillong','INDIA','SHL'),
(59,'Hubli Airport','Hubli','INDIA','HBX'),
(60,'Ludhiana Airport','Ludhiana','INDIA','LUH'),
(61,'Kannur International Airport','Kannur','INDIA','CNN'),
(62,'Pantnagar Airport','Pantnagar','INDIA','PGH'),
(63,'Shirdi Airport','Shirdi','INDIA','SAG'),
(64,'Kullu Manali Airport','Kullu','INDIA','KUU'),
(65,'Jaisalmer Airport','Jaisalmer','INDIA','JSA'),
(66,'Kadapa Airport','Kadapa','INDIA','CDP'),
(67,'Nagpur Airport','Nagpur','INDIA','NAG'),
(68,'Jhansi Airport','Jhansi','INDIA','JHS'),
(69,'Muzaffarpur Airport','Muzaffarpur','INDIA','MZU'),
(70,'Keshod Airport','Keshod','INDIA','IXK'),
(71,'Balurghat Airport','Balurghat','INDIA','RGH'),
(72,'Bareilly Airport','Bareilly','INDIA','BEK'),
(73,'Birsa Munda Airport','Ranchi','INDIA','IXR'),
(74,'Kolhapur Airport','Kolhapur','INDIA','KLH'),
(75,'Sheikh ul Alam International Airport','Srinagar','INDIA','SXR');

-- Flights
INSERT INTO `Flights` VALUES
(1,2,11,'2023-09-02 12:14:36','2023-09-02 20:14:36',480),
(2,42,67,'2023-10-25 12:57:36','2023-10-25 18:01:36',304),
(3,9,38,'2023-09-02 04:14:54','2023-09-02 10:01:54',347),
(4,40,54,'2023-09-22 21:39:42','2023-09-23 04:05:42',386),
(5,9,66,'2023-10-18 14:55:01','2023-10-18 23:43:01',528),
(6,46,48,'2023-10-12 21:29:19','2023-10-13 05:09:19',460),
(7,38,29,'2023-10-27 20:50:33','2023-10-28 02:02:33',312),
(8,40,67,'2023-09-23 04:52:11','2023-09-23 10:33:11',341),
(9,38,30,'2023-09-22 10:14:02','2023-09-22 15:43:02',329),
(10,4,31,'2023-09-27 21:58:43','2023-09-28 06:16:43',498),
(11,56,33,'2023-10-02 00:02:10','2023-10-02 07:12:10',430),
(12,63,24,'2023-10-03 13:54:18','2023-10-03 22:16:18',502),
(13,49,8,'2023-10-16 16:24:35','2023-10-17 00:59:35',515),
(14,52,12,'2023-09-12 04:21:12','2023-09-12 12:22:12',481),
(15,42,22,'2023-10-27 18:54:39','2023-10-28 03:51:39',537),
(16,51,31,'2023-09-24 23:44:17','2023-09-25 07:06:17',442),
(17,20,15,'2023-10-24 16:54:59','2023-10-25 00:05:59',431),
(18,28,5,'2023-10-25 12:44:28','2023-10-25 19:45:28',421),
(19,8,36,'2023-09-27 00:57:15','2023-09-27 08:07:15',430),
(20,24,59,'2023-10-11 17:29:41','2023-10-12 01:44:41',495),
(21,34,66,'2023-09-30 15:11:04','2023-09-30 22:15:04',424),
(22,27,34,'2023-10-23 10:37:07','2023-10-23 19:20:07',523),
(23,65,32,'2023-09-03 08:00:25','2023-09-03 13:15:25',315),
(24,70,7,'2023-09-16 19:10:21','2023-09-17 03:27:21',497),
(25,21,31,'2023-09-22 15:31:41','2023-09-22 22:47:41',436),
(26,57,69,'2023-10-11 07:42:44','2023-10-11 14:06:44',384),
(27,64,29,'2023-10-14 10:18:19','2023-10-14 16:51:19',393),
(28,20,17,'2023-09-13 04:41:05','2023-09-13 10:59:05',378),
(29,50,72,'2023-10-05 20:22:32','2023-10-06 03:21:32',419),
(30,42,37,'2023-10-20 20:32:10','2023-10-21 04:46:10',494),
(31,2,62,'2023-09-01 23:57:47','2023-09-02 06:04:47',367),
(32,57,5,'2023-10-14 20:10:01','2023-10-15 03:01:01',411),
(33,32,4,'2023-10-18 05:06:05','2023-10-18 11:19:05',373),
(34,43,74,'2023-10-18 05:27:24','2023-10-18 11:27:24',360),
(35,65,11,'2023-09-23 20:26:06','2023-09-24 02:29:06',363),
(36,37,14,'2023-09-02 05:21:13','2023-09-02 10:24:13',303),
(37,20,3,'2023-10-29 04:29:29','2023-10-29 12:51:29',502),
(38,44,26,'2023-09-21 16:35:02','2023-09-22 01:23:02',528),
(39,33,18,'2023-09-09 22:21:12','2023-09-10 05:38:12',437),
(40,12,59,'2023-10-23 07:03:24','2023-10-23 12:07:24',304),
(41,53,51,'2023-09-19 15:24:02','2023-09-19 20:48:02',324),
(42,38,16,'2023-09-22 05:12:33','2023-09-22 14:09:33',537),
(43,7,17,'2023-10-08 02:17:47','2023-10-08 08:38:47',381),
(44,38,66,'2023-10-09 20:02:03','2023-10-10 04:02:03',480),
(45,47,24,'2023-10-08 00:02:59','2023-10-08 05:12:59',310),
(46,17,58,'2023-09-25 06:38:22','2023-09-25 13:32:22',414),
(47,17,35,'2023-10-21 09:50:40','2023-10-21 15:08:40',318),
(48,4,40,'2023-09-24 13:16:48','2023-09-24 18:38:48',322),
(49,53,67,'2023-10-02 11:35:04','2023-10-02 20:27:04',532),
(50,66,31,'2023-10-20 17:16:39','2023-10-21 01:35:39',499),
(51,2,52,'2023-09-13 21:03:50','2023-09-14 02:35:50',332),
(52,6,9,'2023-09-28 17:12:46','2023-09-29 01:36:46',504),
(53,41,43,'2023-10-25 21:55:10','2023-10-26 03:55:10',360),
(54,56,41,'2023-09-06 09:18:23','2023-09-06 14:57:23',339),
(55,16,36,'2023-09-11 15:38:52','2023-09-11 23:15:52',457),
(56,1,20,'2023-09-23 11:04:57','2023-09-23 19:14:57',490),
(57,74,65,'2023-10-23 23:32:19','2023-10-24 07:44:19',492),
(58,13,31,'2023-10-16 03:25:45','2023-10-16 10:42:45',437),
(59,16,11,'2023-09-18 21:36:13','2023-09-19 02:55:13',319),
(60,37,6,'2023-10-18 12:26:37','2023-10-18 17:58:37',332),
(61,7,43,'2023-10-13 15:03:10','2023-10-13 20:53:10',350),
(62,6,57,'2023-10-18 01:16:41','2023-10-18 06:58:41',342),
(63,64,27,'2023-10-19 20:25:02','2023-10-20 02:35:02',370),
(64,34,36,'2023-10-09 17:23:52','2023-10-10 02:03:52',520),
(65,48,42,'2023-10-10 14:03:31','2023-10-10 19:41:31',338),
(66,28,74,'2023-09-13 09:07:12','2023-09-13 17:18:12',491),
(67,55,65,'2023-10-09 22:38:49','2023-10-10 04:21:49',343),
(68,45,31,'2023-10-23 10:04:59','2023-10-23 17:00:59',416),
(69,9,13,'2023-09-05 19:14:30','2023-09-06 00:49:30',335),
(70,48,16,'2023-10-10 00:54:04','2023-10-10 08:27:04',453),
(71,51,23,'2023-10-05 06:42:21','2023-10-05 15:06:21',504),
(72,56,9,'2023-09-06 00:30:56','2023-09-06 05:52:56',322),
(73,16,35,'2023-10-08 23:11:10','2023-10-09 06:53:10',462),
(74,12,6,'2023-09-05 07:10:10','2023-09-05 12:21:10',311),
(75,70,56,'2023-10-19 13:58:29','2023-10-19 22:45:29',527),
(76,44,61,'2023-09-21 22:26:58','2023-09-22 04:54:58',388),
(77,44,70,'2023-09-01 07:16:27','2023-09-01 14:21:27',425),
(78,13,61,'2023-09-30 17:54:43','2023-09-30 23:08:43',314),
(79,13,7,'2023-09-03 02:18:23','2023-09-03 11:03:23',525),
(80,55,27,'2023-10-03 05:14:04','2023-10-03 13:09:04',475),
(81,50,40,'2023-09-15 05:00:35','2023-09-15 12:16:35',436),
(82,8,43,'2023-09-21 09:47:08','2023-09-21 16:51:08',424),
(83,67,64,'2023-10-03 08:33:48','2023-10-03 14:35:48',362),
(84,56,53,'2023-09-17 07:22:15','2023-09-17 14:07:15',405),
(85,26,36,'2023-10-07 01:59:00','2023-10-07 07:30:00',331),
(86,22,24,'2023-10-16 04:22:22','2023-10-16 10:41:22',379),
(87,43,73,'2023-10-25 19:12:06','2023-10-26 03:14:06',482),
(88,6,34,'2023-10-05 00:58:51','2023-10-05 08:54:51',476),
(89,35,41,'2023-09-22 10:25:45','2023-09-22 16:43:45',378),
(90,29,69,'2023-09-26 03:02:44','2023-09-26 08:35:44',333),
(91,70,46,'2023-10-14 13:40:24','2023-10-14 20:45:24',425),
(92,25,28,'2023-09-05 06:49:59','2023-09-05 13:46:59',417),
(93,13,65,'2023-09-26 21:03:04','2023-09-27 04:26:04',443),
(94,56,46,'2023-09-15 05:15:00','2023-09-15 11:29:00',374),
(95,75,60,'2023-10-27 21:40:26','2023-10-28 04:55:26',435),
(96,22,47,'2023-10-13 14:32:22','2023-10-13 21:04:22',392),
(97,3,53,'2023-09-05 01:21:53','2023-09-05 07:09:53',348),
(98,5,17,'2023-10-24 01:56:40','2023-10-24 10:41:40',525),
(99,59,61,'2023-10-29 20:37:07','2023-10-30 01:47:07',310),
(100,59,47,'2023-09-25 17:04:56','2023-09-25 23:18:56',374),
(101,65,47,'2023-09-02 23:42:40','2023-09-03 07:23:40',461),
(102,16,53,'2023-09-30 20:38:55','2023-10-01 01:41:55',303),
(103,7,75,'2023-09-26 23:50:07','2023-09-27 06:50:07',420),
(104,64,19,'2023-10-29 15:01:09','2023-10-29 22:55:09',474),
(105,48,53,'2023-09-19 14:10:07','2023-09-19 21:29:07',439),
(106,46,7,'2023-09-12 01:35:46','2023-09-12 09:32:46',477),
(107,47,19,'2023-09-19 21:25:59','2023-09-20 02:27:59',302),
(108,30,68,'2023-10-19 21:24:59','2023-10-20 03:38:59',374),
(109,61,50,'2023-09-23 17:15:30','2023-09-24 00:06:30',411),
(110,8,4,'2023-10-02 18:29:47','2023-10-03 00:57:47',388),
(111,2,29,'2023-09-25 12:50:26','2023-09-25 21:25:26',515),
(112,66,23,'2023-10-06 05:21:10','2023-10-06 13:53:10',512),
(113,70,5,'2023-09-29 02:29:17','2023-09-29 10:25:17',476),
(114,28,74,'2023-09-02 01:12:24','2023-09-02 08:49:24',457),
(115,70,62,'2023-10-12 16:47:44','2023-10-12 22:02:44',315),
(116,57,48,'2023-09-14 20:13:00','2023-09-15 05:08:00',535),
(117,19,42,'2023-10-27 14:25:28','2023-10-27 20:03:28',338),
(118,23,39,'2023-10-23 21:30:25','2023-10-24 03:40:25',370),
(119,75,15,'2023-10-11 06:52:06','2023-10-11 14:09:06',437),
(120,40,10,'2023-09-10 15:21:21','2023-09-10 22:26:21',425),
(121,22,34,'2023-09-22 10:01:19','2023-09-22 15:28:19',327),
(122,61,19,'2023-10-21 15:19:42','2023-10-21 20:45:42',326),
(123,4,71,'2023-09-09 02:55:36','2023-09-09 09:30:36',395),
(124,71,27,'2023-10-07 18:34:21','2023-10-08 00:23:21',349),
(125,7,35,'2023-10-23 00:15:08','2023-10-23 08:53:08',518),
(126,75,20,'2023-09-28 20:29:03','2023-09-29 04:18:03',469),
(127,21,2,'2023-09-02 19:33:42','2023-09-03 03:45:42',492),
(128,12,28,'2023-09-21 04:48:15','2023-09-21 12:34:15',466),
(129,60,71,'2023-10-25 20:54:07','2023-10-26 03:48:07',414),
(130,38,32,'2023-10-29 17:52:25','2023-10-30 01:40:25',468),
(131,11,72,'2023-09-21 22:02:18','2023-09-22 04:55:18',413),
(132,58,44,'2023-10-13 23:48:29','2023-10-14 06:09:29',381),
(133,62,71,'2023-10-26 04:13:52','2023-10-26 09:39:52',326),
(134,67,36,'2023-09-30 05:37:19','2023-09-30 12:25:19',408),
(135,3,48,'2023-09-07 15:00:17','2023-09-07 20:45:17',345),
(136,41,25,'2023-10-25 05:59:13','2023-10-25 12:35:13',396),
(137,33,57,'2023-09-08 20:29:38','2023-09-09 04:27:38',478),
(138,43,38,'2023-10-16 09:00:40','2023-10-16 16:29:40',449),
(139,10,26,'2023-10-17 11:09:07','2023-10-17 16:25:07',316),
(140,60,26,'2023-09-23 03:43:28','2023-09-23 09:25:28',342),
(141,14,18,'2023-09-07 02:32:52','2023-09-07 09:25:52',413),
(142,53,16,'2023-09-30 00:11:25','2023-09-30 07:23:25',432),
(143,56,45,'2023-09-25 06:11:11','2023-09-25 15:05:11',534),
(144,63,12,'2023-10-29 07:08:07','2023-10-29 16:02:07',534),
(145,66,22,'2023-10-26 04:06:13','2023-10-26 12:10:13',484),
(146,4,46,'2023-10-12 19:53:38','2023-10-13 03:00:38',427),
(147,4,23,'2023-09-08 11:37:53','2023-09-08 17:14:53',337),
(148,31,40,'2023-09-19 06:42:20','2023-09-19 13:45:20',423),
(149,28,41,'2023-09-04 12:51:42','2023-09-04 20:50:42',479),
(150,12,66,'2023-09-24 19:02:41','2023-09-25 00:32:41',330),
(151,52,36,'2023-10-07 02:37:31','2023-10-07 10:45:31',488),
(152,43,21,'2023-09-03 04:58:05','2023-09-03 13:36:05',518),
(153,16,12,'2023-10-01 06:53:41','2023-10-01 14:19:41',446),
(154,59,55,'2023-10-12 11:21:58','2023-10-12 19:16:58',475),
(155,46,69,'2023-09-25 08:42:44','2023-09-25 15:20:44',398),
(156,3,63,'2023-10-03 23:12:06','2023-10-04 05:07:06',355),
(157,66,68,'2023-10-13 22:19:56','2023-10-14 04:28:56',369),
(158,40,32,'2023-10-04 02:00:59','2023-10-04 07:20:59',320),
(159,27,71,'2023-10-01 02:32:08','2023-10-01 11:09:08',517),
(160,40,36,'2023-10-06 08:13:55','2023-10-06 13:19:55',306),
(161,74,19,'2023-10-29 06:50:40','2023-10-29 15:28:40',518),
(162,49,26,'2023-10-12 10:04:45','2023-10-12 15:08:45',304),
(163,71,57,'2023-09-30 02:16:41','2023-09-30 08:53:41',397),
(164,70,55,'2023-10-19 19:11:37','2023-10-20 01:05:37',354),
(165,48,67,'2023-09-19 22:05:20','2023-09-20 06:49:20',524),
(166,64,14,'2023-10-20 21:18:31','2023-10-21 05:34:31',496),
(167,51,11,'2023-10-24 12:01:59','2023-10-24 20:25:59',504),
(168,54,34,'2023-09-04 20:22:16','2023-09-05 05:06:16',524),
(169,40,21,'2023-10-13 06:16:35','2023-10-13 12:40:35',384),
(170,16,74,'2023-10-26 06:38:22','2023-10-26 15:07:22',509),
(171,35,7,'2023-10-06 16:09:26','2023-10-07 00:51:26',522),
(172,11,34,'2023-09-14 09:56:23','2023-09-14 16:02:23',366),
(173,5,20,'2023-09-20 14:31:26','2023-09-20 21:22:26',411),
(174,23,12,'2023-10-09 22:03:16','2023-10-10 03:59:16',356),
(175,2,74,'2023-10-20 22:36:11','2023-10-21 06:24:11',468),
(176,2,19,'2023-10-28 11:34:14','2023-10-28 17:45:14',371),
(177,46,20,'2023-10-28 08:58:10','2023-10-28 16:47:10',469),
(178,8,31,'2023-09-04 19:21:50','2023-09-05 04:03:50',522),
(179,41,26,'2023-09-22 23:55:09','2023-09-23 06:13:09',378),
(180,60,18,'2023-09-27 04:05:04','2023-09-27 09:16:04',311),
(181,7,75,'2023-10-13 21:15:54','2023-10-14 05:02:54',467),
(182,29,5,'2023-10-03 23:44:02','2023-10-04 08:44:02',540),
(183,3,24,'2023-09-13 15:52:16','2023-09-13 21:59:16',367),
(184,58,16,'2023-09-30 20:41:10','2023-10-01 02:27:10',346),
(185,9,73,'2023-10-05 23:04:43','2023-10-06 06:19:43',435),
(186,43,58,'2023-09-12 20:36:46','2023-09-13 05:10:46',514),
(187,37,4,'2023-09-04 21:51:08','2023-09-05 03:20:08',329),
(188,51,31,'2023-10-19 05:36:30','2023-10-19 13:45:30',489),
(189,30,56,'2023-10-17 22:35:22','2023-10-18 06:58:22',503),
(190,14,16,'2023-10-28 21:12:01','2023-10-29 02:58:01',346),
(191,19,52,'2023-10-14 04:43:16','2023-10-14 13:07:16',504),
(192,8,4,'2023-09-07 01:46:17','2023-09-07 08:07:17',381),
(193,46,51,'2023-09-27 02:34:58','2023-09-27 09:24:58',410),
(194,45,51,'2023-10-16 19:20:30','2023-10-17 02:27:30',427),
(195,13,75,'2023-10-11 22:02:39','2023-10-12 04:48:39',406),
(196,53,1,'2023-09-28 07:07:30','2023-09-28 15:42:30',515),
(197,42,17,'2023-10-19 03:56:24','2023-10-19 10:28:24',392),
(198,56,36,'2023-09-01 02:55:29','2023-09-01 08:05:29',310),
(199,32,35,'2023-10-13 05:31:29','2023-10-13 10:54:29',323),
(200,2,48,'2023-09-11 06:18:27','2023-09-11 14:54:27',516);

-- Class
INSERT INTO `Class` VALUES
('1_ECO',6410,180,'ECO',1),
('1_BUS',16460,71,'BUS',1),
('1_FST',26947,47,'FST',1),
('2_ECO',7653,123,'ECO',2),
('2_BUS',10796,91,'BUS',2),
('2_FST',28012,29,'FST',2),
('3_ECO',9349,145,'ECO',3),
('3_BUS',10790,78,'BUS',3),
('3_FST',29698,26,'FST',3),
('4_ECO',7050,175,'ECO',4),
('4_BUS',16880,94,'BUS',4),
('4_FST',26449,24,'FST',4),
('5_ECO',8624,293,'ECO',5),
('5_BUS',18044,63,'BUS',5),
('5_FST',27502,37,'FST',5),
('6_ECO',8569,190,'ECO',6),
('6_BUS',16172,60,'BUS',6),
('6_FST',27501,28,'FST',6),
('7_ECO',6090,182,'ECO',7),
('7_BUS',16136,66,'BUS',7),
('7_FST',27579,40,'FST',7),
('8_ECO',9316,220,'ECO',8),
('8_BUS',18892,95,'BUS',8),
('8_FST',22647,25,'FST',8),
('9_ECO',5060,239,'ECO',9),
('9_BUS',18922,84,'BUS',9),
('9_FST',29941,46,'FST',9),
('10_ECO',9479,221,'ECO',10),
('10_BUS',16286,94,'BUS',10),
('10_FST',20288,21,'FST',10),
('11_ECO',8000,121,'ECO',11),
('11_BUS',17833,60,'BUS',11),
('11_FST',25750,39,'FST',11),
('12_ECO',6359,289,'ECO',12),
('12_BUS',17367,68,'BUS',12),
('12_FST',27422,40,'FST',12),
('13_ECO',7175,241,'ECO',13),
('13_BUS',15839,61,'BUS',13),
('13_FST',22501,31,'FST',13),
('14_ECO',6320,115,'ECO',14),
('14_BUS',12525,63,'BUS',14),
('14_FST',21064,20,'FST',14),
('15_ECO',5350,276,'ECO',15),
('15_BUS',19600,56,'BUS',15),
('15_FST',25973,39,'FST',15),
('16_ECO',8434,203,'ECO',16),
('16_BUS',10844,52,'BUS',16),
('16_FST',21209,49,'FST',16),
('17_ECO',5710,280,'ECO',17),
('17_BUS',18186,68,'BUS',17),
('17_FST',25928,48,'FST',17),
('18_ECO',9667,188,'ECO',18),
('18_BUS',18705,92,'BUS',18),
('18_FST',25372,36,'FST',18),
('19_ECO',6406,291,'ECO',19),
('19_BUS',13363,65,'BUS',19),
('19_FST',23867,40,'FST',19),
('20_ECO',8613,108,'ECO',20),
('20_BUS',19302,68,'BUS',20),
('20_FST',23147,50,'FST',20),
('21_ECO',5296,179,'ECO',21),
('21_BUS',14065,97,'BUS',21),
('21_FST',24337,28,'FST',21),
('22_ECO',9946,250,'ECO',22),
('22_BUS',19151,91,'BUS',22),
('22_FST',21859,40,'FST',22),
('23_ECO',7572,234,'ECO',23),
('23_BUS',15980,77,'BUS',23),
('23_FST',27941,47,'FST',23),
('24_ECO',9282,100,'ECO',24),
('24_BUS',18556,95,'BUS',24),
('24_FST',20510,50,'FST',24),
('25_ECO',9622,166,'ECO',25),
('25_BUS',19438,68,'BUS',25),
('25_FST',29312,27,'FST',25),
('26_ECO',6090,182,'ECO',26),
('26_BUS',14117,51,'BUS',26),
('26_FST',26757,31,'FST',26),
('27_ECO',8143,182,'ECO',27),
('27_BUS',19025,87,'BUS',27),
('27_FST',25808,23,'FST',27),
('28_ECO',6108,285,'ECO',28),
('28_BUS',12493,81,'BUS',28),
('28_FST',25704,44,'FST',28),
('29_ECO',5641,265,'ECO',29),
('29_BUS',17366,51,'BUS',29),
('29_FST',25211,50,'FST',29),
('30_ECO',7762,291,'ECO',30),
('30_BUS',16314,93,'BUS',30),
('30_FST',21716,30,'FST',30),
('31_ECO',9374,256,'ECO',31),
('31_BUS',13811,71,'BUS',31),
('31_FST',24894,47,'FST',31),
('32_ECO',9932,201,'ECO',32),
('32_BUS',10032,95,'BUS',32),
('32_FST',26355,45,'FST',32),
('33_ECO',9394,200,'ECO',33),
('33_BUS',12154,96,'BUS',33),
('33_FST',25833,40,'FST',33),
('34_ECO',9659,159,'ECO',34),
('34_BUS',16605,71,'BUS',34),
('34_FST',21609,41,'FST',34),
('35_ECO',8571,266,'ECO',35),
('35_BUS',17673,72,'BUS',35),
('35_FST',27799,30,'FST',35),
('36_ECO',5671,222,'ECO',36),
('36_BUS',14573,57,'BUS',36),
('36_FST',24874,21,'FST',36),
('37_ECO',7270,165,'ECO',37),
('37_BUS',14751,70,'BUS',37),
('37_FST',29641,21,'FST',37),
('38_ECO',5016,228,'ECO',38),
('38_BUS',11874,79,'BUS',38),
('38_FST',26082,36,'FST',38),
('39_ECO',6621,134,'ECO',39),
('39_BUS',13383,82,'BUS',39),
('39_FST',28420,37,'FST',39),
('40_ECO',5569,180,'ECO',40),
('40_BUS',11342,54,'BUS',40),
('40_FST',27329,39,'FST',40),
('41_ECO',7491,101,'ECO',41),
('41_BUS',16128,87,'BUS',41),
('41_FST',21718,33,'FST',41),
('42_ECO',6506,260,'ECO',42),
('42_BUS',18767,69,'BUS',42),
('42_FST',25220,26,'FST',42),
('43_ECO',8623,186,'ECO',43),
('43_BUS',17999,95,'BUS',43),
('43_FST',22483,32,'FST',43),
('44_ECO',9580,133,'ECO',44),
('44_BUS',15296,75,'BUS',44),
('44_FST',25695,33,'FST',44),
('45_ECO',9031,233,'ECO',45),
('45_BUS',17472,59,'BUS',45),
('45_FST',21308,26,'FST',45),
('46_ECO',5071,171,'ECO',46),
('46_BUS',18701,75,'BUS',46),
('46_FST',23120,33,'FST',46),
('47_ECO',6481,237,'ECO',47),
('47_BUS',14473,97,'BUS',47),
('47_FST',25917,42,'FST',47),
('48_ECO',7249,132,'ECO',48),
('48_BUS',16614,86,'BUS',48),
('48_FST',21773,20,'FST',48),
('49_ECO',6393,111,'ECO',49),
('49_BUS',17727,93,'BUS',49),
('49_FST',28162,30,'FST',49),
('50_ECO',5403,234,'ECO',50),
('50_BUS',13441,84,'BUS',50),
('50_FST',22691,22,'FST',50),
('51_ECO',8810,159,'ECO',51),
('51_BUS',19825,78,'BUS',51),
('51_FST',26229,23,'FST',51),
('52_ECO',9045,256,'ECO',52),
('52_BUS',12879,100,'BUS',52),
('52_FST',23380,35,'FST',52),
('53_ECO',5310,276,'ECO',53),
('53_BUS',10367,59,'BUS',53),
('53_FST',23647,48,'FST',53),
('54_ECO',9289,241,'ECO',54),
('54_BUS',13691,55,'BUS',54),
('54_FST',23463,20,'FST',54),
('55_ECO',6646,145,'ECO',55),
('55_BUS',10658,76,'BUS',55),
('55_FST',28638,36,'FST',55),
('56_ECO',8709,238,'ECO',56),
('56_BUS',14630,63,'BUS',56),
('56_FST',22618,48,'FST',56),
('57_ECO',7205,224,'ECO',57),
('57_BUS',12315,63,'BUS',57),
('57_FST',26487,22,'FST',57),
('58_ECO',7792,212,'ECO',58),
('58_BUS',12334,83,'BUS',58),
('58_FST',28247,22,'FST',58),
('59_ECO',7852,211,'ECO',59),
('59_BUS',12395,88,'BUS',59),
('59_FST',29632,48,'FST',59),
('60_ECO',7259,154,'ECO',60),
('60_BUS',12807,91,'BUS',60),
('60_FST',20225,29,'FST',60),
('61_ECO',7448,135,'ECO',61),
('61_BUS',12241,53,'BUS',61),
('61_FST',20874,44,'FST',61),
('62_ECO',6357,156,'ECO',62),
('62_BUS',19234,80,'BUS',62),
('62_FST',21845,48,'FST',62),
('63_ECO',6223,128,'ECO',63),
('63_BUS',13767,90,'BUS',63),
('63_FST',26121,23,'FST',63),
('64_ECO',7120,153,'ECO',64),
('64_BUS',14337,100,'BUS',64),
('64_FST',23168,38,'FST',64),
('65_ECO',7796,176,'ECO',65),
('65_BUS',19693,76,'BUS',65),
('65_FST',26722,26,'FST',65),
('66_ECO',7500,229,'ECO',66),
('66_BUS',18987,52,'BUS',66),
('66_FST',23242,41,'FST',66),
('67_ECO',8939,264,'ECO',67),
('67_BUS',13454,80,'BUS',67),
('67_FST',29271,40,'FST',67),
('68_ECO',6481,148,'ECO',68),
('68_BUS',13803,59,'BUS',68),
('68_FST',29102,37,'FST',68),
('69_ECO',6080,114,'ECO',69),
('69_BUS',11029,90,'BUS',69),
('69_FST',27559,50,'FST',69),
('70_ECO',8780,248,'ECO',70),
('70_BUS',11536,98,'BUS',70),
('70_FST',22812,49,'FST',70),
('71_ECO',6900,155,'ECO',71),
('71_BUS',16590,81,'BUS',71),
('71_FST',29805,48,'FST',71),
('72_ECO',7174,242,'ECO',72),
('72_BUS',17004,99,'BUS',72),
('72_FST',26246,50,'FST',72),
('73_ECO',5586,217,'ECO',73),
('73_BUS',15964,73,'BUS',73),
('73_FST',23746,41,'FST',73),
('74_ECO',7362,238,'ECO',74),
('74_BUS',17702,86,'BUS',74),
('74_FST',24814,20,'FST',74),
('75_ECO',6333,208,'ECO',75),
('75_BUS',12538,76,'BUS',75),
('75_FST',22761,28,'FST',75),
('76_ECO',6696,296,'ECO',76),
('76_BUS',12780,71,'BUS',76),
('76_FST',29143,33,'FST',76),
('77_ECO',7723,214,'ECO',77),
('77_BUS',11716,57,'BUS',77),
('77_FST',23739,46,'FST',77),
('78_ECO',6717,173,'ECO',78),
('78_BUS',16495,60,'BUS',78),
('78_FST',20934,21,'FST',78),
('79_ECO',8424,147,'ECO',79),
('79_BUS',18610,68,'BUS',79),
('79_FST',27015,47,'FST',79),
('80_ECO',8148,153,'ECO',80),
('80_BUS',12058,80,'BUS',80),
('80_FST',28544,49,'FST',80),
('81_ECO',7217,114,'ECO',81),
('81_BUS',12636,93,'BUS',81),
('81_FST',24880,20,'FST',81),
('82_ECO',6582,115,'ECO',82),
('82_BUS',12394,73,'BUS',82),
('82_FST',28725,37,'FST',82),
('83_ECO',8546,176,'ECO',83),
('83_BUS',12850,61,'BUS',83),
('83_FST',25076,37,'FST',83),
('84_ECO',7519,276,'ECO',84),
('84_BUS',15259,88,'BUS',84),
('84_FST',24131,31,'FST',84),
('85_ECO',9664,129,'ECO',85),
('85_BUS',13665,100,'BUS',85),
('85_FST',23498,44,'FST',85),
('86_ECO',8126,291,'ECO',86),
('86_BUS',18305,91,'BUS',86),
('86_FST',27679,47,'FST',86),
('87_ECO',5506,191,'ECO',87),
('87_BUS',13350,93,'BUS',87),
('87_FST',21467,49,'FST',87),
('88_ECO',6565,229,'ECO',88),
('88_BUS',10600,72,'BUS',88),
('88_FST',23751,22,'FST',88),
('89_ECO',9123,100,'ECO',89),
('89_BUS',10997,53,'BUS',89),
('89_FST',24981,21,'FST',89),
('90_ECO',9798,257,'ECO',90),
('90_BUS',15318,95,'BUS',90),
('90_FST',27920,35,'FST',90),
('91_ECO',7740,209,'ECO',91),
('91_BUS',16282,64,'BUS',91),
('91_FST',20428,43,'FST',91),
('92_ECO',7584,169,'ECO',92),
('92_BUS',16098,60,'BUS',92),
('92_FST',22711,31,'FST',92),
('93_ECO',6782,223,'ECO',93),
('93_BUS',18478,50,'BUS',93),
('93_FST',20075,22,'FST',93),
('94_ECO',8440,286,'ECO',94),
('94_BUS',12264,57,'BUS',94),
('94_FST',27368,38,'FST',94),
('95_ECO',8347,174,'ECO',95),
('95_BUS',10194,75,'BUS',95),
('95_FST',24340,42,'FST',95),
('96_ECO',5830,180,'ECO',96),
('96_BUS',14008,82,'BUS',96),
('96_FST',20190,29,'FST',96),
('97_ECO',9715,203,'ECO',97),
('97_BUS',17152,87,'BUS',97),
('97_FST',29437,45,'FST',97),
('98_ECO',8043,297,'ECO',98),
('98_BUS',13911,90,'BUS',98),
('98_FST',27199,46,'FST',98),
('99_ECO',8925,299,'ECO',99),
('99_BUS',10035,66,'BUS',99),
('99_FST',20836,34,'FST',99),
('100_ECO',8969,152,'ECO',100),
('100_BUS',10348,62,'BUS',100),
('100_FST',28008,20,'FST',100),
('101_ECO',8153,164,'ECO',101),
('101_BUS',17999,95,'BUS',101),
('101_FST',27426,25,'FST',101),
('102_ECO',7722,100,'ECO',102),
('102_BUS',18815,62,'BUS',102),
('102_FST',22567,31,'FST',102),
('103_ECO',9736,292,'ECO',103),
('103_BUS',16968,85,'BUS',103),
('103_FST',26015,29,'FST',103),
('104_ECO',9379,294,'ECO',104),
('104_BUS',17535,61,'BUS',104),
('104_FST',25946,40,'FST',104),
('105_ECO',9643,244,'ECO',105),
('105_BUS',19643,86,'BUS',105),
('105_FST',22793,45,'FST',105),
('106_ECO',7078,279,'ECO',106),
('106_BUS',13562,98,'BUS',106),
('106_FST',20896,39,'FST',106),
('107_ECO',8926,189,'ECO',107),
('107_BUS',19250,79,'BUS',107),
('107_FST',26377,34,'FST',107),
('108_ECO',5195,219,'ECO',108),
('108_BUS',18464,80,'BUS',108),
('108_FST',20904,49,'FST',108),
('109_ECO',9350,128,'ECO',109),
('109_BUS',15344,51,'BUS',109),
('109_FST',29662,39,'FST',109),
('110_ECO',8580,138,'ECO',110),
('110_BUS',15689,74,'BUS',110),
('110_FST',25741,34,'FST',110),
('111_ECO',7080,155,'ECO',111),
('111_BUS',10011,51,'BUS',111),
('111_FST',27024,44,'FST',111),
('112_ECO',7909,141,'ECO',112),
('112_BUS',18844,83,'BUS',112),
('112_FST',20996,23,'FST',112),
('113_ECO',9600,119,'ECO',113),
('113_BUS',18462,56,'BUS',113),
('113_FST',27807,46,'FST',113),
('114_ECO',8886,200,'ECO',114),
('114_BUS',10397,84,'BUS',114),
('114_FST',26392,47,'FST',114),
('115_ECO',6067,166,'ECO',115),
('115_BUS',11184,76,'BUS',115),
('115_FST',21147,50,'FST',115),
('116_ECO',5811,179,'ECO',116),
('116_BUS',11934,85,'BUS',116),
('116_FST',22144,36,'FST',116),
('117_ECO',7170,116,'ECO',117),
('117_BUS',14346,72,'BUS',117),
('117_FST',23358,34,'FST',117),
('118_ECO',5163,124,'ECO',118),
('118_BUS',16178,93,'BUS',118),
('118_FST',27858,34,'FST',118),
('119_ECO',9835,124,'ECO',119),
('119_BUS',16757,79,'BUS',119),
('119_FST',26804,21,'FST',119),
('120_ECO',5821,148,'ECO',120),
('120_BUS',14292,50,'BUS',120),
('120_FST',25094,32,'FST',120),
('121_ECO',8106,203,'ECO',121),
('121_BUS',11530,79,'BUS',121),
('121_FST',29829,44,'FST',121),
('122_ECO',5849,188,'ECO',122),
('122_BUS',16016,69,'BUS',122),
('122_FST',29927,32,'FST',122),
('123_ECO',6540,174,'ECO',123),
('123_BUS',17769,70,'BUS',123),
('123_FST',22130,33,'FST',123),
('124_ECO',6512,248,'ECO',124),
('124_BUS',10559,66,'BUS',124),
('124_FST',21878,48,'FST',124),
('125_ECO',6322,242,'ECO',125),
('125_BUS',10143,73,'BUS',125),
('125_FST',26320,20,'FST',125),
('126_ECO',7921,115,'ECO',126),
('126_BUS',17119,100,'BUS',126),
('126_FST',26806,26,'FST',126),
('127_ECO',6184,186,'ECO',127),
('127_BUS',14494,88,'BUS',127),
('127_FST',29608,48,'FST',127),
('128_ECO',7279,215,'ECO',128),
('128_BUS',12023,99,'BUS',128),
('128_FST',27434,48,'FST',128),
('129_ECO',6682,291,'ECO',129),
('129_BUS',15180,70,'BUS',129),
('129_FST',28465,48,'FST',129),
('130_ECO',7050,157,'ECO',130),
('130_BUS',10375,70,'BUS',130),
('130_FST',28422,25,'FST',130),
('131_ECO',8244,130,'ECO',131),
('131_BUS',18334,74,'BUS',131),
('131_FST',26332,27,'FST',131),
('132_ECO',9201,243,'ECO',132),
('132_BUS',15608,98,'BUS',132),
('132_FST',21820,48,'FST',132),
('133_ECO',5607,289,'ECO',133),
('133_BUS',11820,52,'BUS',133),
('133_FST',24096,45,'FST',133),
('134_ECO',6470,170,'ECO',134),
('134_BUS',13584,100,'BUS',134),
('134_FST',25862,26,'FST',134),
('135_ECO',8290,288,'ECO',135),
('135_BUS',14494,90,'BUS',135),
('135_FST',25892,47,'FST',135),
('136_ECO',9857,257,'ECO',136),
('136_BUS',18411,61,'BUS',136),
('136_FST',23856,37,'FST',136),
('137_ECO',9260,287,'ECO',137),
('137_BUS',19946,70,'BUS',137),
('137_FST',24409,36,'FST',137),
('138_ECO',6842,101,'ECO',138),
('138_BUS',12711,91,'BUS',138),
('138_FST',28038,48,'FST',138),
('139_ECO',5785,125,'ECO',139),
('139_BUS',16111,51,'BUS',139),
('139_FST',28271,47,'FST',139),
('140_ECO',8156,148,'ECO',140),
('140_BUS',16922,69,'BUS',140),
('140_FST',21234,36,'FST',140),
('141_ECO',9850,141,'ECO',141),
('141_BUS',19128,81,'BUS',141),
('141_FST',22737,43,'FST',141),
('142_ECO',9246,115,'ECO',142),
('142_BUS',12209,85,'BUS',142),
('142_FST',25720,32,'FST',142),
('143_ECO',8974,107,'ECO',143),
('143_BUS',19413,72,'BUS',143),
('143_FST',24113,46,'FST',143),
('144_ECO',7413,156,'ECO',144),
('144_BUS',19140,84,'BUS',144),
('144_FST',21122,31,'FST',144),
('145_ECO',6096,199,'ECO',145),
('145_BUS',15107,70,'BUS',145),
('145_FST',24763,47,'FST',145),
('146_ECO',8461,187,'ECO',146),
('146_BUS',14008,89,'BUS',146),
('146_FST',24417,47,'FST',146),
('147_ECO',7314,100,'ECO',147),
('147_BUS',11487,52,'BUS',147),
('147_FST',20912,22,'FST',147),
('148_ECO',8062,227,'ECO',148),
('148_BUS',12876,65,'BUS',148),
('148_FST',23496,22,'FST',148),
('149_ECO',6808,141,'ECO',149),
('149_BUS',18438,75,'BUS',149),
('149_FST',26238,23,'FST',149),
('150_ECO',7975,299,'ECO',150),
('150_BUS',16514,62,'BUS',150),
('150_FST',20062,25,'FST',150),
('151_ECO',6636,287,'ECO',151),
('151_BUS',13524,73,'BUS',151),
('151_FST',29281,50,'FST',151),
('152_ECO',8223,238,'ECO',152),
('152_BUS',11909,61,'BUS',152),
('152_FST',21390,49,'FST',152),
('153_ECO',9571,245,'ECO',153),
('153_BUS',13876,62,'BUS',153),
('153_FST',23399,22,'FST',153),
('154_ECO',9691,242,'ECO',154),
('154_BUS',14652,87,'BUS',154),
('154_FST',24645,39,'FST',154),
('155_ECO',8957,210,'ECO',155),
('155_BUS',17398,52,'BUS',155),
('155_FST',29834,25,'FST',155),
('156_ECO',5191,282,'ECO',156),
('156_BUS',13286,65,'BUS',156),
('156_FST',24260,43,'FST',156),
('157_ECO',8402,220,'ECO',157),
('157_BUS',13891,87,'BUS',157),
('157_FST',28509,34,'FST',157),
('158_ECO',7948,235,'ECO',158),
('158_BUS',10674,54,'BUS',158),
('158_FST',23473,33,'FST',158),
('159_ECO',8393,120,'ECO',159),
('159_BUS',11600,53,'BUS',159),
('159_FST',25042,24,'FST',159),
('160_ECO',6586,248,'ECO',160),
('160_BUS',17180,86,'BUS',160),
('160_FST',27061,27,'FST',160),
('161_ECO',7060,169,'ECO',161),
('161_BUS',12130,82,'BUS',161),
('161_FST',23079,29,'FST',161),
('162_ECO',8650,239,'ECO',162),
('162_BUS',17469,50,'BUS',162),
('162_FST',20816,20,'FST',162),
('163_ECO',7950,196,'ECO',163),
('163_BUS',10449,97,'BUS',163),
('163_FST',27616,25,'FST',163),
('164_ECO',9759,213,'ECO',164),
('164_BUS',13468,97,'BUS',164),
('164_FST',29792,30,'FST',164),
('165_ECO',8683,237,'ECO',165),
('165_BUS',11559,77,'BUS',165),
('165_FST',28498,43,'FST',165),
('166_ECO',7273,197,'ECO',166),
('166_BUS',15366,62,'BUS',166),
('166_FST',23326,35,'FST',166),
('167_ECO',8368,194,'ECO',167),
('167_BUS',15699,75,'BUS',167),
('167_FST',24664,38,'FST',167),
('168_ECO',7711,117,'ECO',168),
('168_BUS',14813,77,'BUS',168),
('168_FST',20712,20,'FST',168),
('169_ECO',9057,209,'ECO',169),
('169_BUS',19961,91,'BUS',169),
('169_FST',27887,49,'FST',169),
('170_ECO',6424,140,'ECO',170),
('170_BUS',18161,64,'BUS',170),
('170_FST',23211,44,'FST',170),
('171_ECO',8842,233,'ECO',171),
('171_BUS',12151,74,'BUS',171),
('171_FST',23465,20,'FST',171),
('172_ECO',5355,265,'ECO',172),
('172_BUS',11470,93,'BUS',172),
('172_FST',21261,43,'FST',172),
('173_ECO',5231,153,'ECO',173),
('173_BUS',16209,87,'BUS',173),
('173_FST',26243,26,'FST',173),
('174_ECO',6783,153,'ECO',174),
('174_BUS',18104,93,'BUS',174),
('174_FST',24903,42,'FST',174),
('175_ECO',8213,211,'ECO',175),
('175_BUS',18407,60,'BUS',175),
('175_FST',22524,49,'FST',175),
('176_ECO',8731,165,'ECO',176),
('176_BUS',15856,69,'BUS',176),
('176_FST',24245,20,'FST',176),
('177_ECO',9496,262,'ECO',177),
('177_BUS',15312,97,'BUS',177),
('177_FST',27060,34,'FST',177),
('178_ECO',9576,231,'ECO',178),
('178_BUS',11987,76,'BUS',178),
('178_FST',21760,26,'FST',178),
('179_ECO',9857,300,'ECO',179),
('179_BUS',16871,80,'BUS',179),
('179_FST',21946,43,'FST',179),
('180_ECO',8653,204,'ECO',180),
('180_BUS',18519,56,'BUS',180),
('180_FST',20440,38,'FST',180),
('181_ECO',7935,216,'ECO',181),
('181_BUS',10918,95,'BUS',181),
('181_FST',24986,38,'FST',181),
('182_ECO',5950,168,'ECO',182),
('182_BUS',16875,92,'BUS',182),
('182_FST',25215,20,'FST',182),
('183_ECO',8666,160,'ECO',183),
('183_BUS',14056,81,'BUS',183),
('183_FST',22817,41,'FST',183),
('184_ECO',5867,299,'ECO',184),
('184_BUS',16808,73,'BUS',184),
('184_FST',23384,22,'FST',184),
('185_ECO',6377,258,'ECO',185),
('185_BUS',14809,100,'BUS',185),
('185_FST',22323,21,'FST',185),
('186_ECO',5021,261,'ECO',186),
('186_BUS',19564,56,'BUS',186),
('186_FST',29268,38,'FST',186),
('187_ECO',6096,247,'ECO',187),
('187_BUS',17701,61,'BUS',187),
('187_FST',27315,42,'FST',187),
('188_ECO',7931,104,'ECO',188),
('188_BUS',15178,93,'BUS',188),
('188_FST',26554,32,'FST',188),
('189_ECO',9428,279,'ECO',189),
('189_BUS',10237,99,'BUS',189),
('189_FST',27384,37,'FST',189),
('190_ECO',6296,214,'ECO',190),
('190_BUS',18869,89,'BUS',190),
('190_FST',21445,50,'FST',190),
('191_ECO',5228,169,'ECO',191),
('191_BUS',11037,78,'BUS',191),
('191_FST',21384,46,'FST',191),
('192_ECO',5038,121,'ECO',192),
('192_BUS',11447,77,'BUS',192),
('192_FST',24725,44,'FST',192),
('193_ECO',9423,225,'ECO',193),
('193_BUS',19974,62,'BUS',193),
('193_FST',23086,21,'FST',193),
('194_ECO',8467,175,'ECO',194),
('194_BUS',11668,85,'BUS',194),
('194_FST',25172,27,'FST',194),
('195_ECO',5117,160,'ECO',195),
('195_BUS',15703,64,'BUS',195),
('195_FST',26346,24,'FST',195),
('196_ECO',7538,280,'ECO',196),
('196_BUS',11749,76,'BUS',196),
('196_FST',25240,22,'FST',196),
('197_ECO',7270,131,'ECO',197),
('197_BUS',10408,78,'BUS',197),
('197_FST',25261,23,'FST',197),
('198_ECO',6813,132,'ECO',198),
('198_BUS',15072,73,'BUS',198),
('198_FST',28398,36,'FST',198),
('199_ECO',7282,226,'ECO',199),
('199_BUS',14777,72,'BUS',199),
('199_FST',24912,35,'FST',199),
('200_ECO',9529,255,'ECO',200),
('200_BUS',19273,92,'BUS',200),
('200_FST',24819,49,'FST',200);

SET SQL_SAFE_UPDATES = 0;

Update flights
set Departure_Time = DATE_ADD(Departure_Time, INTERVAL 2 MONTH),
Arrival_Time = DATE_ADD(Arrival_Time, INTERVAL 2 MONTH);

SET SQL_SAFE_UPDATES = 1;