-- database
drop database IF exists SpiceJet_flights;
create database SpiceJet_flights;
use SpiceJet_flights;

-- Create the Airport table
CREATE TABLE Airport (
    Airport_ID INT PRIMARY KEY AUTO_INCREMENT,
    Name VARCHAR(100),
    City VARCHAR(50),
    Country VARCHAR(50),
    Code VARCHAR(3)
);

-- Create the Flight_Coupons table
CREATE TABLE Flight_Coupons (
    Coupon VARCHAR(20) PRIMARY KEY,
    Discount_Percentage DECIMAL(5, 2)
);

-- Create the Flights table
CREATE TABLE Flights (
    Flight_ID INT PRIMARY KEY AUTO_INCREMENT,
    Departure_Airport_ID INT,
    Arrival_Airport_ID INT,
    Departure_Time DATETIME,
    Arrival_Time DATETIME,
    Duration INT,
    FOREIGN KEY (Departure_Airport_ID) REFERENCES Airport(Airport_ID),
    FOREIGN KEY (Arrival_Airport_ID) REFERENCES Airport(Airport_ID)
);

-- Create the Class table
CREATE TABLE Class (
    Class_Name VARCHAR(10) PRIMARY KEY,
    Price DECIMAL(10, 2),
    Capacity INT,
    Class_Code VARCHAR(5),
    Flight_ID INT,
    FOREIGN KEY (Flight_ID) REFERENCES Flights(Flight_ID)
);

-- Create the Passengers table
CREATE TABLE Passengers (
    Passenger_ID INT PRIMARY KEY AUTO_INCREMENT,
    F_Name VARCHAR(50),
    L_Name VARCHAR(50),
    Email VARCHAR(100),
    Gender VARCHAR(10),
    Phone_Number VARCHAR(20)
    );

-- Create the Booking table
CREATE TABLE Booking (
    Booking_ID INT PRIMARY KEY AUTO_INCREMENT,
    Flight_ID INT,
    Class_Name VARCHAR(10),
    Booking_Time DATETIME,
    Total_Amount DECIMAL(10, 2),
    Customer_ID INT,
    Coupon_ID VARCHAR(20),
    Booked_By VARCHAR(10),
    FOREIGN KEY (Flight_ID) REFERENCES Flights(Flight_ID),
    FOREIGN KEY (Class_Name) REFERENCES Class(Class_Name),
    FOREIGN KEY (Coupon_ID) REFERENCES Flight_Coupons(Coupon),
    FOREIGN KEY (Customer_ID) REFERENCES Passengers(Passenger_ID)
);


-- Data
-- Insert data into Flight_Coupons table
INSERT INTO Flight_Coupons (Coupon, Discount_Percentage)
VALUES
    ('FLIGHT10', 10.00),
    ('NEW75', 7.50);
-- Airport
INSERT INTO Airport(Airport_ID,Name,City,Country,Code) VALUES 
(1,'Indira Gandhi International Airport','Delhi','INDIA','DEL'),
(2,'Chhatrapati Shivaji Maharaj International Airport','Mumbai','INDIA','BOM'),
(3,'Kempegowda International Airport','Bangalore','INDIA','BLR'),
(4,'Chennai International Airport','Chennai','INDIA','MAA'),
(5,'Netaji Subhas Chandra Bose International Airport','Kolkata','INDIA','CCU'),
(6,'Rajiv Gandhi International Airport','Hyderabad','INDIA','HYD'),
(7,'Cochin International Airport','Kochi','INDIA','COK'),
(8,'Pune Airport','Pune','INDIA','PNQ'),
(9,'Goa International Airport','Dabolim','INDIA','GOI'),
(10,'Sardar Vallabhbhai Patel International Airport','Ahmedabad','INDIA','AMD'),
(11,'Jaipur International Airport','Jaipur','INDIA','JAI'),
(12,'Thiruvananthapuram International Airport','Thiruvananthapuram','INDIA','TRV'),
(13,'Ahmedabad Airport','Ahmedabad','INDIA','AMD'),
(14,'Biju Patnaik International Airport','Bhubaneswar','INDIA','BBI'),
(15,'Amritsar International Airport','Amritsar','INDIA','ATQ'),
(16,'Guwahati International Airport','Guwahati','INDIA','GAU'),
(17,'Mangalore Airport','Mangalore','INDIA','IXE'),
(18,'Visakhapatnam International Airport','Visakhapatnam','INDIA','VTZ'),
(19,'Lucknow Airport','Lucknow','INDIA','LKO'),
(20,'Chandigarh International Airport','Chandigarh','INDIA','IXC'),
(21,'Indore Airport','Indore','INDIA','IDR'),
(22,'Trichy International Airport','Tiruchirappalli','INDIA','TRZ'),
(23,'Calicut International Airport','Kozhikode','INDIA','CCJ'),
(24,'Vijayawada International Airport','Vijayawada','INDIA','VGA'),
(25,'Varanasi Airport','Varanasi','INDIA','VNS'),
(26,'Bagdogra Airport','Bagdogra','INDIA','IXB'),
(27,'Srinagar International Airport','Srinagar','INDIA','SXR'),
(28,'Coimbatore International Airport','Coimbatore','INDIA','CJB'),
(29,'Madurai International Airport','Madurai','INDIA','IXM'),
(30,'Trivandrum International Airport','Thiruvananthapuram','INDIA','TRV'),
(31,'Jodhpur Airport','Jodhpur','INDIA','JDH'),
(32,'Leh Kushok Bakula Rimpochee Airport','Leh','INDIA','IXL'),
(33,'Bhopal Airport','Bhopal','INDIA','BHO'),
(34,'Dehradun Airport','Dehradun','INDIA','DED'),
(35,'Jammu Airport','Jammu','INDIA','IXJ'),
(36,'Rajkot Airport','Rajkot','INDIA','RAJ'),
(37,'Agartala Airport','Agartala','INDIA','IXA'),
(38,'Silchar Airport','Silchar','INDIA','IXS'),
(39,'Dibrugarh Airport','Dibrugarh','INDIA','DIB'),
(40,'Imphal Airport','Imphal','INDIA','IMF'),
(41,'Aizawl Airport','Aizawl','INDIA','AJL'),
(42,'Port Blair Airport','Port Blair','INDIA','IXZ'),
(43,'Udaipur Airport','Udaipur','INDIA','UDR'),
(44,'Raipur Airport','Raipur','INDIA','RPR'),
(45,'Patna Airport','Patna','INDIA','PAT'),
(46,'Ranchi Airport','Ranchi','INDIA','IXR'),
(47,'Jabalpur Airport','Jabalpur','INDIA','JLR'),
(48,'Allahabad Airport','Prayagraj','INDIA','IXD'),
(49,'Kanpur Airport','Kanpur','INDIA','KNU'),
(50,'Mysore Airport','Mysore','INDIA','MYQ'),
(51,'Surat Airport','Surat','INDIA','STV'),
(52,'Belgaum Airport','Belgaum','INDIA','IXG'),
(53,'Dharamshala Airport','Dharamshala','INDIA','DHM'),
(54,'Bhavnagar Airport','Bhavnagar','INDIA','BHU'),
(55,'Tirupati Airport','Tirupati','INDIA','TIR'),
(56,'Warangal Airport','Warangal','INDIA','WGC'),
(57,'Gwalior Airport','Gwalior','INDIA','GWL'),
(58,'Shillong Airport','Shillong','INDIA','SHL'),
(59,'Hubli Airport','Hubli','INDIA','HBX'),
(60,'Ludhiana Airport','Ludhiana','INDIA','LUH'),
(61,'Kannur International Airport','Kannur','INDIA','CNN'),
(62,'Pantnagar Airport','Pantnagar','INDIA','PGH'),
(63,'Shirdi Airport','Shirdi','INDIA','SAG'),
(64,'Kullu Manali Airport','Kullu','INDIA','KUU'),
(65,'Jaisalmer Airport','Jaisalmer','INDIA','JSA'),
(66,'Kadapa Airport','Kadapa','INDIA','CDP'),
(67,'Nagpur Airport','Nagpur','INDIA','NAG'),
(68,'Jhansi Airport','Jhansi','INDIA','JHS'),
(69,'Muzaffarpur Airport','Muzaffarpur','INDIA','MZU'),
(70,'Keshod Airport','Keshod','INDIA','IXK'),
(71,'Balurghat Airport','Balurghat','INDIA','RGH'),
(72,'Bareilly Airport','Bareilly','INDIA','BEK'),
(73,'Birsa Munda Airport','Ranchi','INDIA','IXR'),
(74,'Kolhapur Airport','Kolhapur','INDIA','KLH'),
(75,'Sheikh ul Alam International Airport','Srinagar','INDIA','SXR');

-- Flights
INSERT INTO `Flights` VALUES
(1,64,39,'2023-10-19 00:02:32','2023-10-19 05:55:32',353),
(2,69,67,'2023-10-14 10:46:47','2023-10-14 19:22:47',516),
(3,7,15,'2023-09-05 04:44:09','2023-09-05 10:01:09',317),
(4,7,24,'2023-10-08 05:42:32','2023-10-08 11:05:32',323),
(5,20,18,'2023-09-14 16:13:30','2023-09-14 22:48:30',395),
(6,15,23,'2023-09-14 03:51:27','2023-09-14 09:15:27',324),
(7,67,18,'2023-09-13 06:17:50','2023-09-13 14:13:50',476),
(8,16,19,'2023-09-25 14:10:23','2023-09-25 19:14:23',304),
(9,11,41,'2023-09-21 17:16:23','2023-09-22 00:50:23',454),
(10,52,20,'2023-09-14 02:42:56','2023-09-14 09:03:56',381),
(11,21,20,'2023-10-09 18:53:42','2023-10-10 00:53:42',360),
(12,20,63,'2023-10-19 18:45:57','2023-10-20 00:14:57',329),
(13,64,19,'2023-10-25 23:04:27','2023-10-26 07:13:27',489),
(14,36,40,'2023-09-16 19:16:17','2023-09-17 01:39:17',383),
(15,60,12,'2023-09-29 12:23:17','2023-09-29 21:15:17',532),
(16,33,52,'2023-09-17 21:00:06','2023-09-18 03:13:06',373),
(17,21,50,'2023-10-24 04:38:25','2023-10-24 10:51:25',373),
(18,41,65,'2023-09-17 09:06:50','2023-09-17 16:50:50',464),
(19,52,55,'2023-09-07 18:24:23','2023-09-08 00:56:23',392),
(20,8,70,'2023-10-13 02:26:18','2023-10-13 09:59:18',453),
(21,3,54,'2023-09-01 13:49:33','2023-09-01 19:22:33',333),
(22,8,6,'2023-09-28 23:02:16','2023-09-29 07:45:16',523),
(23,26,31,'2023-10-14 05:32:23','2023-10-14 14:28:23',536),
(24,74,5,'2023-10-08 15:13:41','2023-10-08 22:10:41',417),
(25,7,69,'2023-09-06 08:51:15','2023-09-06 15:56:15',425),
(26,2,66,'2023-09-10 02:53:01','2023-09-10 08:16:01',323),
(27,55,36,'2023-10-05 01:44:20','2023-10-05 09:02:20',438),
(28,64,37,'2023-10-01 19:12:17','2023-10-02 02:24:17',432),
(29,26,65,'2023-10-01 19:09:00','2023-10-02 02:52:00',463),
(30,32,7,'2023-09-12 13:48:20','2023-09-12 21:09:20',441),
(31,64,13,'2023-09-26 02:35:23','2023-09-26 10:32:23',477),
(32,67,28,'2023-09-13 20:16:51','2023-09-14 03:17:51',421),
(33,68,2,'2023-09-30 04:22:43','2023-09-30 10:43:43',381),
(34,54,33,'2023-09-12 05:15:00','2023-09-12 14:02:00',527),
(35,43,16,'2023-10-02 15:21:00','2023-10-02 20:50:00',329),
(36,70,58,'2023-09-30 02:06:51','2023-09-30 11:04:51',538),
(37,31,53,'2023-09-07 17:15:33','2023-09-07 22:26:33',311),
(38,68,55,'2023-10-05 20:45:39','2023-10-06 01:49:39',304),
(39,52,29,'2023-10-19 03:27:57','2023-10-19 11:11:57',464),
(40,65,62,'2023-10-18 09:48:00','2023-10-18 16:34:00',406),
(41,62,2,'2023-10-14 11:34:53','2023-10-14 20:01:53',507),
(42,71,47,'2023-09-19 00:59:18','2023-09-19 07:54:18',415),
(43,6,58,'2023-10-18 13:49:57','2023-10-18 19:11:57',322),
(44,50,45,'2023-10-18 09:05:35','2023-10-18 15:55:35',410),
(45,15,39,'2023-09-12 08:15:32','2023-09-12 16:48:32',513),
(46,65,9,'2023-09-01 22:07:08','2023-09-02 05:12:08',425),
(47,62,43,'2023-09-27 09:01:26','2023-09-27 16:04:26',423),
(48,6,55,'2023-09-28 21:56:52','2023-09-29 06:04:52',488),
(49,50,69,'2023-09-05 16:17:05','2023-09-05 22:39:05',382),
(50,35,14,'2023-09-28 19:33:18','2023-09-29 00:33:18',300),
(51,30,50,'2023-10-20 17:21:37','2023-10-20 23:19:37',358),
(52,19,74,'2023-09-17 14:03:17','2023-09-17 22:22:17',499),
(53,14,49,'2023-10-11 09:58:28','2023-10-11 17:13:28',435),
(54,66,71,'2023-09-16 00:45:52','2023-09-16 09:06:52',501),
(55,33,32,'2023-10-18 05:00:09','2023-10-18 13:23:09',503),
(56,27,32,'2023-09-30 16:19:54','2023-10-01 01:03:54',524),
(57,12,73,'2023-09-29 19:37:05','2023-09-30 00:51:05',314),
(58,74,47,'2023-09-29 10:32:56','2023-09-29 16:22:56',350),
(59,64,3,'2023-10-26 21:51:53','2023-10-27 03:09:53',318),
(60,7,10,'2023-09-06 21:14:11','2023-09-07 05:54:11',520),
(61,26,2,'2023-10-28 21:41:53','2023-10-29 02:55:53',314),
(62,28,58,'2023-09-15 23:35:53','2023-09-16 07:13:53',458),
(63,66,12,'2023-09-24 20:48:33','2023-09-25 05:02:33',494),
(64,26,55,'2023-09-07 22:08:33','2023-09-08 03:32:33',324),
(65,29,37,'2023-10-26 01:16:50','2023-10-26 08:52:50',456),
(66,31,68,'2023-09-01 18:11:52','2023-09-02 01:07:52',416),
(67,34,75,'2023-09-28 13:15:53','2023-09-28 21:06:53',471),
(68,14,7,'2023-10-26 18:36:34','2023-10-27 02:48:34',492),
(69,8,61,'2023-09-30 02:08:23','2023-09-30 08:01:23',353),
(70,48,17,'2023-09-23 01:44:41','2023-09-23 08:08:41',384),
(71,21,60,'2023-09-21 11:15:19','2023-09-21 16:22:19',307),
(72,63,38,'2023-09-23 10:25:55','2023-09-23 16:31:55',366),
(73,74,8,'2023-09-18 12:39:40','2023-09-18 17:44:40',305),
(74,38,69,'2023-10-01 08:01:42','2023-10-01 14:12:42',371),
(75,50,19,'2023-09-05 20:43:14','2023-09-06 05:27:14',524),
(76,37,71,'2023-10-06 01:56:37','2023-10-06 10:34:37',518),
(77,22,11,'2023-09-21 23:47:27','2023-09-22 07:09:27',442),
(78,41,61,'2023-10-14 16:20:38','2023-10-14 23:29:38',429),
(79,73,17,'2023-10-05 00:16:37','2023-10-05 08:50:37',514),
(80,61,64,'2023-10-08 11:04:52','2023-10-08 17:52:52',408),
(81,74,63,'2023-09-16 08:18:51','2023-09-16 15:32:51',434),
(82,36,8,'2023-09-08 10:25:13','2023-09-08 16:24:13',359),
(83,59,48,'2023-09-10 05:58:13','2023-09-10 14:00:13',482),
(84,54,31,'2023-10-04 01:30:15','2023-10-04 07:06:15',336),
(85,41,50,'2023-10-06 00:21:57','2023-10-06 07:19:57',418),
(86,62,6,'2023-09-24 09:10:28','2023-09-24 16:30:28',440),
(87,1,5,'2023-10-08 15:37:05','2023-10-08 23:06:05',449),
(88,39,69,'2023-10-22 17:18:49','2023-10-23 01:06:49',468),
(89,10,68,'2023-10-24 11:43:32','2023-10-24 19:25:32',462),
(90,16,45,'2023-10-09 10:46:40','2023-10-09 18:12:40',446),
(91,42,28,'2023-09-15 18:23:23','2023-09-15 23:36:23',313),
(92,17,10,'2023-09-23 21:37:28','2023-09-24 04:09:28',392),
(93,75,16,'2023-09-02 21:12:46','2023-09-03 04:58:46',466),
(94,57,56,'2023-09-12 01:01:42','2023-09-12 08:14:42',433),
(95,44,36,'2023-10-18 14:14:40','2023-10-18 20:03:40',349),
(96,35,28,'2023-10-06 22:39:02','2023-10-07 04:24:02',345),
(97,50,30,'2023-09-15 02:23:13','2023-09-15 08:37:13',374),
(98,39,65,'2023-10-12 01:38:03','2023-10-12 08:29:03',411),
(99,7,59,'2023-10-06 05:39:38','2023-10-06 13:09:38',450),
(100,62,39,'2023-10-29 23:21:51','2023-10-30 05:29:51',368),
(101,30,29,'2023-10-21 11:29:40','2023-10-21 18:25:40',416),
(102,42,32,'2023-10-27 10:40:05','2023-10-27 16:12:05',332),
(103,23,2,'2023-10-24 21:21:31','2023-10-25 02:43:31',322),
(104,45,8,'2023-09-24 02:29:19','2023-09-24 09:34:19',425),
(105,30,60,'2023-09-07 05:41:17','2023-09-07 13:35:17',474),
(106,42,57,'2023-09-09 17:14:52','2023-09-09 23:12:52',358),
(107,24,39,'2023-10-28 05:42:55','2023-10-28 11:49:55',367),
(108,48,45,'2023-09-17 11:24:57','2023-09-17 20:18:57',534),
(109,23,3,'2023-09-27 07:34:03','2023-09-27 16:34:03',540),
(110,71,75,'2023-10-28 23:04:22','2023-10-29 07:41:22',517),
(111,33,68,'2023-09-13 08:27:52','2023-09-13 13:55:52',328),
(112,61,13,'2023-10-04 03:43:27','2023-10-04 09:00:27',317),
(113,48,4,'2023-10-23 17:43:28','2023-10-24 00:14:28',391),
(114,7,61,'2023-10-19 03:44:39','2023-10-19 10:24:39',400),
(115,41,33,'2023-10-20 21:20:10','2023-10-21 05:25:10',485),
(116,19,48,'2023-10-02 22:12:07','2023-10-03 05:57:07',465),
(117,71,5,'2023-09-23 17:07:23','2023-09-24 01:26:23',499),
(118,10,37,'2023-10-29 05:27:45','2023-10-29 13:45:45',498),
(119,7,3,'2023-09-09 19:50:26','2023-09-10 04:38:26',528),
(120,28,16,'2023-10-05 23:51:19','2023-10-06 06:46:19',415),
(121,12,36,'2023-10-18 05:07:00','2023-10-18 10:23:00',316),
(122,48,31,'2023-10-12 11:23:10','2023-10-12 17:04:10',341),
(123,1,57,'2023-10-18 21:58:21','2023-10-19 04:12:21',374),
(124,44,70,'2023-10-21 05:30:33','2023-10-21 14:28:33',538),
(125,65,52,'2023-09-19 02:26:29','2023-09-19 10:07:29',461),
(126,8,23,'2023-09-12 21:13:56','2023-09-13 05:23:56',490),
(127,47,28,'2023-10-04 09:44:18','2023-10-04 16:19:18',395),
(128,48,62,'2023-10-29 09:07:22','2023-10-29 15:42:22',395),
(129,70,63,'2023-10-27 11:08:10','2023-10-27 17:36:10',388),
(130,57,53,'2023-09-15 17:49:06','2023-09-16 00:21:06',392),
(131,37,35,'2023-10-22 15:52:28','2023-10-22 22:24:28',392),
(132,25,28,'2023-10-18 12:12:59','2023-10-18 17:27:59',315),
(133,55,6,'2023-10-13 14:56:33','2023-10-13 21:46:33',410),
(134,2,47,'2023-09-11 06:38:13','2023-09-11 13:15:13',397),
(135,65,51,'2023-10-23 11:54:26','2023-10-23 19:09:26',435),
(136,63,31,'2023-09-15 01:21:21','2023-09-15 06:57:21',336),
(137,15,10,'2023-10-06 08:51:59','2023-10-06 14:11:59',320),
(138,58,33,'2023-09-19 15:30:26','2023-09-19 22:50:26',440),
(139,16,47,'2023-09-16 23:31:50','2023-09-17 05:18:50',347),
(140,7,54,'2023-09-21 05:06:02','2023-09-21 12:35:02',449),
(141,35,5,'2023-09-23 18:07:16','2023-09-23 23:56:16',349),
(142,60,59,'2023-10-03 02:30:40','2023-10-03 08:08:40',338),
(143,62,68,'2023-09-15 12:18:40','2023-09-15 20:18:40',480),
(144,61,5,'2023-09-21 23:57:58','2023-09-22 06:19:58',382),
(145,54,31,'2023-10-14 19:03:54','2023-10-15 00:05:54',302),
(146,72,41,'2023-09-25 07:33:53','2023-09-25 13:20:53',347),
(147,38,13,'2023-10-28 13:08:20','2023-10-28 18:50:20',342),
(148,67,74,'2023-09-01 13:26:25','2023-09-01 20:57:25',451),
(149,11,45,'2023-10-24 07:27:06','2023-10-24 15:04:06',457),
(150,1,51,'2023-10-18 21:46:34','2023-10-19 04:40:34',414),
(151,53,60,'2023-10-15 03:07:56','2023-10-15 10:03:56',416),
(152,42,36,'2023-10-18 15:16:14','2023-10-18 23:17:14',481),
(153,67,55,'2023-09-25 09:08:36','2023-09-25 15:49:36',401),
(154,45,29,'2023-10-24 21:54:50','2023-10-25 03:16:50',322),
(155,44,12,'2023-09-09 07:31:08','2023-09-09 15:10:08',459),
(156,61,33,'2023-09-23 04:06:03','2023-09-23 10:32:03',386),
(157,62,50,'2023-09-28 06:47:31','2023-09-28 12:46:31',359),
(158,47,6,'2023-09-20 04:52:59','2023-09-20 11:33:59',401),
(159,66,29,'2023-10-28 21:27:45','2023-10-29 02:31:45',304),
(160,6,22,'2023-09-16 23:29:51','2023-09-17 07:32:51',483),
(161,15,7,'2023-09-01 12:41:09','2023-09-01 21:01:09',500),
(162,74,64,'2023-10-28 13:35:27','2023-10-28 21:09:27',454),
(163,66,18,'2023-09-08 12:46:34','2023-09-08 17:52:34',306),
(164,57,72,'2023-10-06 23:13:21','2023-10-07 07:49:21',516),
(165,55,44,'2023-09-01 21:25:12','2023-09-02 05:56:12',511),
(166,45,14,'2023-09-10 17:41:27','2023-09-10 23:47:27',366),
(167,3,38,'2023-10-07 19:03:55','2023-10-08 03:28:55',505),
(168,29,6,'2023-09-15 13:30:10','2023-09-15 22:26:10',536),
(169,1,75,'2023-09-02 17:00:57','2023-09-03 00:50:57',470),
(170,35,33,'2023-10-24 01:09:52','2023-10-24 08:01:52',412),
(171,49,63,'2023-09-16 10:45:05','2023-09-16 16:25:05',340),
(172,33,13,'2023-10-24 15:56:32','2023-10-24 21:48:32',352),
(173,44,70,'2023-09-29 08:42:35','2023-09-29 14:15:35',333),
(174,13,39,'2023-10-20 16:07:53','2023-10-20 21:37:53',330),
(175,34,41,'2023-10-07 15:46:53','2023-10-07 20:56:53',310),
(176,63,39,'2023-10-26 22:43:24','2023-10-27 05:28:24',405),
(177,1,6,'2023-09-02 18:27:29','2023-09-03 01:25:29',418),
(178,55,9,'2023-09-10 07:05:52','2023-09-10 14:45:52',460),
(179,45,38,'2023-09-22 23:34:49','2023-09-23 07:59:49',505),
(180,66,5,'2023-09-14 08:52:35','2023-09-14 15:00:35',368),
(181,22,16,'2023-10-06 01:06:00','2023-10-06 07:44:00',398),
(182,41,19,'2023-09-27 16:25:38','2023-09-28 00:21:38',476),
(183,65,70,'2023-10-10 11:59:03','2023-10-10 18:00:03',361),
(184,57,44,'2023-10-01 18:14:04','2023-10-01 23:29:04',315),
(185,55,48,'2023-09-18 11:27:25','2023-09-18 19:59:25',512),
(186,20,38,'2023-10-24 01:55:54','2023-10-24 10:40:54',525),
(187,5,56,'2023-09-26 02:40:15','2023-09-26 09:07:15',387),
(188,54,43,'2023-09-25 00:57:35','2023-09-25 06:12:35',315),
(189,57,29,'2023-10-12 02:28:51','2023-10-12 07:49:51',321),
(190,70,45,'2023-10-16 08:03:21','2023-10-16 14:14:21',371),
(191,14,55,'2023-10-02 06:42:28','2023-10-02 12:25:28',343),
(192,39,75,'2023-10-17 23:37:04','2023-10-18 07:41:04',484),
(193,17,39,'2023-09-24 14:40:07','2023-09-24 19:50:07',310),
(194,49,8,'2023-09-15 09:17:28','2023-09-15 15:02:28',345),
(195,5,25,'2023-10-09 03:05:36','2023-10-09 08:51:36',346),
(196,23,75,'2023-10-26 20:31:03','2023-10-27 02:02:03',331),
(197,39,69,'2023-09-11 07:26:05','2023-09-11 14:26:05',420),
(198,73,11,'2023-09-18 12:45:34','2023-09-18 18:22:34',337),
(199,63,46,'2023-10-27 20:04:13','2023-10-28 02:12:13',368),
(200,74,27,'2023-09-21 06:22:59','2023-09-21 13:40:59',438);

-- Class
INSERT INTO `Class` VALUES
('1_ECO',6918,243,'ECO',1),
('1_BUS',10690,100,'BUS',1),
('1_FST',24433,40,'FST',1),
('2_ECO',5053,187,'ECO',2),
('2_BUS',12220,83,'BUS',2),
('2_FST',27672,25,'FST',2),
('3_ECO',9812,146,'ECO',3),
('3_BUS',13243,90,'BUS',3),
('3_FST',23842,41,'FST',3),
('4_ECO',6436,167,'ECO',4),
('4_BUS',12505,83,'BUS',4),
('4_FST',29072,35,'FST',4),
('5_ECO',9876,289,'ECO',5),
('5_BUS',12752,72,'BUS',5),
('5_FST',26917,45,'FST',5),
('6_ECO',7019,190,'ECO',6),
('6_BUS',11701,69,'BUS',6),
('6_FST',29500,44,'FST',6),
('7_ECO',8081,148,'ECO',7),
('7_BUS',12530,74,'BUS',7),
('7_FST',24909,26,'FST',7),
('8_ECO',9909,155,'ECO',8),
('8_BUS',10352,52,'BUS',8),
('8_FST',25501,47,'FST',8),
('9_ECO',5511,222,'ECO',9),
('9_BUS',11154,57,'BUS',9),
('9_FST',28349,32,'FST',9),
('10_ECO',7966,205,'ECO',10),
('10_BUS',19113,81,'BUS',10),
('10_FST',24521,25,'FST',10),
('11_ECO',7266,227,'ECO',11),
('11_BUS',18344,99,'BUS',11),
('11_FST',28806,42,'FST',11),
('12_ECO',6599,147,'ECO',12),
('12_BUS',17133,74,'BUS',12),
('12_FST',26593,22,'FST',12),
('13_ECO',7233,217,'ECO',13),
('13_BUS',19121,77,'BUS',13),
('13_FST',29366,37,'FST',13),
('14_ECO',5216,287,'ECO',14),
('14_BUS',12853,78,'BUS',14),
('14_FST',21743,28,'FST',14),
('15_ECO',7914,259,'ECO',15),
('15_BUS',14363,80,'BUS',15),
('15_FST',27235,21,'FST',15),
('16_ECO',5856,229,'ECO',16),
('16_BUS',12757,67,'BUS',16),
('16_FST',27798,47,'FST',16),
('17_ECO',5951,109,'ECO',17),
('17_BUS',11999,86,'BUS',17),
('17_FST',25593,40,'FST',17),
('18_ECO',8887,212,'ECO',18),
('18_BUS',13108,75,'BUS',18),
('18_FST',22155,47,'FST',18),
('19_ECO',5086,298,'ECO',19),
('19_BUS',16619,82,'BUS',19),
('19_FST',21219,45,'FST',19),
('20_ECO',7496,277,'ECO',20),
('20_BUS',10556,98,'BUS',20),
('20_FST',22656,32,'FST',20),
('21_ECO',7417,103,'ECO',21),
('21_BUS',18547,53,'BUS',21),
('21_FST',24842,38,'FST',21),
('22_ECO',6244,167,'ECO',22),
('22_BUS',15180,50,'BUS',22),
('22_FST',21516,25,'FST',22),
('23_ECO',5582,217,'ECO',23),
('23_BUS',10833,64,'BUS',23),
('23_FST',28860,28,'FST',23),
('24_ECO',8691,211,'ECO',24),
('24_BUS',19010,95,'BUS',24),
('24_FST',28030,31,'FST',24),
('25_ECO',7137,155,'ECO',25),
('25_BUS',13315,95,'BUS',25),
('25_FST',27240,28,'FST',25),
('26_ECO',6538,126,'ECO',26),
('26_BUS',11332,84,'BUS',26),
('26_FST',23655,49,'FST',26),
('27_ECO',8423,181,'ECO',27),
('27_BUS',10321,74,'BUS',27),
('27_FST',24086,41,'FST',27),
('28_ECO',9651,238,'ECO',28),
('28_BUS',14709,53,'BUS',28),
('28_FST',29197,21,'FST',28),
('29_ECO',7775,237,'ECO',29),
('29_BUS',19117,98,'BUS',29),
('29_FST',21787,25,'FST',29),
('30_ECO',9786,291,'ECO',30),
('30_BUS',13305,87,'BUS',30),
('30_FST',28281,49,'FST',30),
('31_ECO',6195,284,'ECO',31),
('31_BUS',19285,82,'BUS',31),
('31_FST',29304,37,'FST',31),
('32_ECO',6397,163,'ECO',32),
('32_BUS',16588,82,'BUS',32),
('32_FST',26707,39,'FST',32),
('33_ECO',5565,179,'ECO',33),
('33_BUS',18206,53,'BUS',33),
('33_FST',24720,20,'FST',33),
('34_ECO',8195,170,'ECO',34),
('34_BUS',10691,51,'BUS',34),
('34_FST',24903,27,'FST',34),
('35_ECO',7412,279,'ECO',35),
('35_BUS',14440,56,'BUS',35),
('35_FST',25549,35,'FST',35),
('36_ECO',9878,165,'ECO',36),
('36_BUS',11577,52,'BUS',36),
('36_FST',28536,50,'FST',36),
('37_ECO',7067,149,'ECO',37),
('37_BUS',11324,79,'BUS',37),
('37_FST',27767,29,'FST',37),
('38_ECO',6640,159,'ECO',38),
('38_BUS',18599,58,'BUS',38),
('38_FST',22209,41,'FST',38),
('39_ECO',6548,124,'ECO',39),
('39_BUS',16424,66,'BUS',39),
('39_FST',21452,43,'FST',39),
('40_ECO',6412,138,'ECO',40),
('40_BUS',15237,82,'BUS',40),
('40_FST',22570,23,'FST',40),
('41_ECO',7266,165,'ECO',41),
('41_BUS',17347,56,'BUS',41),
('41_FST',22219,41,'FST',41),
('42_ECO',5087,187,'ECO',42),
('42_BUS',16883,65,'BUS',42),
('42_FST',25649,24,'FST',42),
('43_ECO',7909,115,'ECO',43),
('43_BUS',18559,65,'BUS',43),
('43_FST',20175,27,'FST',43),
('44_ECO',8134,162,'ECO',44),
('44_BUS',17287,66,'BUS',44),
('44_FST',20865,48,'FST',44),
('45_ECO',8787,287,'ECO',45),
('45_BUS',11654,75,'BUS',45),
('45_FST',24531,25,'FST',45),
('46_ECO',6930,254,'ECO',46),
('46_BUS',18537,91,'BUS',46),
('46_FST',27893,40,'FST',46),
('47_ECO',5857,186,'ECO',47),
('47_BUS',18378,93,'BUS',47),
('47_FST',28363,20,'FST',47),
('48_ECO',7315,204,'ECO',48),
('48_BUS',10521,63,'BUS',48),
('48_FST',26259,42,'FST',48),
('49_ECO',6496,115,'ECO',49),
('49_BUS',13104,72,'BUS',49),
('49_FST',29845,20,'FST',49),
('50_ECO',6986,170,'ECO',50),
('50_BUS',13691,96,'BUS',50),
('50_FST',26352,20,'FST',50),
('51_ECO',5880,133,'ECO',51),
('51_BUS',10966,50,'BUS',51),
('51_FST',26102,40,'FST',51),
('52_ECO',9347,145,'ECO',52),
('52_BUS',15962,86,'BUS',52),
('52_FST',27887,50,'FST',52),
('53_ECO',7587,113,'ECO',53),
('53_BUS',14762,60,'BUS',53),
('53_FST',21105,26,'FST',53),
('54_ECO',6640,121,'ECO',54),
('54_BUS',17195,98,'BUS',54),
('54_FST',27239,41,'FST',54),
('55_ECO',9851,171,'ECO',55),
('55_BUS',15726,63,'BUS',55),
('55_FST',29083,21,'FST',55),
('56_ECO',9710,197,'ECO',56),
('56_BUS',10367,53,'BUS',56),
('56_FST',20392,23,'FST',56),
('57_ECO',8381,227,'ECO',57),
('57_BUS',12990,58,'BUS',57),
('57_FST',28909,29,'FST',57),
('58_ECO',5456,240,'ECO',58),
('58_BUS',12594,88,'BUS',58),
('58_FST',29816,28,'FST',58),
('59_ECO',8723,293,'ECO',59),
('59_BUS',11518,86,'BUS',59),
('59_FST',24093,21,'FST',59),
('60_ECO',7620,236,'ECO',60),
('60_BUS',12666,86,'BUS',60),
('60_FST',22720,25,'FST',60),
('61_ECO',9844,254,'ECO',61),
('61_BUS',18379,96,'BUS',61),
('61_FST',26167,26,'FST',61),
('62_ECO',7613,250,'ECO',62),
('62_BUS',12845,95,'BUS',62),
('62_FST',27857,48,'FST',62),
('63_ECO',6561,253,'ECO',63),
('63_BUS',14881,86,'BUS',63),
('63_FST',21855,26,'FST',63),
('64_ECO',5775,203,'ECO',64),
('64_BUS',16146,96,'BUS',64),
('64_FST',20623,26,'FST',64),
('65_ECO',8222,160,'ECO',65),
('65_BUS',17758,93,'BUS',65),
('65_FST',26685,47,'FST',65),
('66_ECO',9832,275,'ECO',66),
('66_BUS',12914,52,'BUS',66),
('66_FST',29823,37,'FST',66),
('67_ECO',6373,142,'ECO',67),
('67_BUS',19867,93,'BUS',67),
('67_FST',27587,22,'FST',67),
('68_ECO',7729,154,'ECO',68),
('68_BUS',18632,62,'BUS',68),
('68_FST',20153,33,'FST',68),
('69_ECO',8782,168,'ECO',69),
('69_BUS',19793,85,'BUS',69),
('69_FST',26759,22,'FST',69),
('70_ECO',9007,269,'ECO',70),
('70_BUS',17320,65,'BUS',70),
('70_FST',29015,28,'FST',70),
('71_ECO',7825,245,'ECO',71),
('71_BUS',14248,88,'BUS',71),
('71_FST',29496,23,'FST',71),
('72_ECO',7572,133,'ECO',72),
('72_BUS',19922,81,'BUS',72),
('72_FST',24091,23,'FST',72),
('73_ECO',8449,116,'ECO',73),
('73_BUS',13815,83,'BUS',73),
('73_FST',21444,22,'FST',73),
('74_ECO',7459,198,'ECO',74),
('74_BUS',13096,79,'BUS',74),
('74_FST',28996,24,'FST',74),
('75_ECO',7663,254,'ECO',75),
('75_BUS',16669,65,'BUS',75),
('75_FST',25227,26,'FST',75),
('76_ECO',9938,300,'ECO',76),
('76_BUS',14710,89,'BUS',76),
('76_FST',26411,46,'FST',76),
('77_ECO',9087,226,'ECO',77),
('77_BUS',17481,65,'BUS',77),
('77_FST',21237,42,'FST',77),
('78_ECO',6587,276,'ECO',78),
('78_BUS',13118,84,'BUS',78),
('78_FST',26764,40,'FST',78),
('79_ECO',6226,203,'ECO',79),
('79_BUS',12701,95,'BUS',79),
('79_FST',21755,20,'FST',79),
('80_ECO',9405,249,'ECO',80),
('80_BUS',12050,88,'BUS',80),
('80_FST',26956,29,'FST',80),
('81_ECO',5883,108,'ECO',81),
('81_BUS',18316,78,'BUS',81),
('81_FST',21185,41,'FST',81),
('82_ECO',9551,107,'ECO',82),
('82_BUS',17294,53,'BUS',82),
('82_FST',25741,42,'FST',82),
('83_ECO',7316,232,'ECO',83),
('83_BUS',17539,56,'BUS',83),
('83_FST',25397,38,'FST',83),
('84_ECO',6041,146,'ECO',84),
('84_BUS',14394,55,'BUS',84),
('84_FST',21414,32,'FST',84),
('85_ECO',9231,139,'ECO',85),
('85_BUS',10087,54,'BUS',85),
('85_FST',24886,38,'FST',85),
('86_ECO',5791,128,'ECO',86),
('86_BUS',17732,93,'BUS',86),
('86_FST',25443,25,'FST',86),
('87_ECO',6097,165,'ECO',87),
('87_BUS',16634,88,'BUS',87),
('87_FST',23414,45,'FST',87),
('88_ECO',9583,148,'ECO',88),
('88_BUS',13083,93,'BUS',88),
('88_FST',26327,39,'FST',88),
('89_ECO',8840,297,'ECO',89),
('89_BUS',12172,73,'BUS',89),
('89_FST',23674,27,'FST',89),
('90_ECO',7710,220,'ECO',90),
('90_BUS',12237,67,'BUS',90),
('90_FST',24704,35,'FST',90),
('91_ECO',6431,219,'ECO',91),
('91_BUS',10539,64,'BUS',91),
('91_FST',24268,37,'FST',91),
('92_ECO',9390,254,'ECO',92),
('92_BUS',18383,73,'BUS',92),
('92_FST',24565,26,'FST',92),
('93_ECO',7707,130,'ECO',93),
('93_BUS',14728,97,'BUS',93),
('93_FST',21717,29,'FST',93),
('94_ECO',8524,104,'ECO',94),
('94_BUS',17892,74,'BUS',94),
('94_FST',27348,32,'FST',94),
('95_ECO',5300,270,'ECO',95),
('95_BUS',14506,68,'BUS',95),
('95_FST',21832,35,'FST',95),
('96_ECO',6542,279,'ECO',96),
('96_BUS',15569,77,'BUS',96),
('96_FST',25748,31,'FST',96),
('97_ECO',9012,290,'ECO',97),
('97_BUS',11666,93,'BUS',97),
('97_FST',27193,37,'FST',97),
('98_ECO',8119,143,'ECO',98),
('98_BUS',16406,63,'BUS',98),
('98_FST',25670,33,'FST',98),
('99_ECO',6431,231,'ECO',99),
('99_BUS',16541,70,'BUS',99),
('99_FST',25686,31,'FST',99),
('100_ECO',9162,210,'ECO',100),
('100_BUS',15208,50,'BUS',100),
('100_FST',20581,31,'FST',100),
('101_ECO',5447,160,'ECO',101),
('101_BUS',10463,72,'BUS',101),
('101_FST',23395,23,'FST',101),
('102_ECO',8019,225,'ECO',102),
('102_BUS',14946,91,'BUS',102),
('102_FST',26220,26,'FST',102),
('103_ECO',5335,223,'ECO',103),
('103_BUS',15289,65,'BUS',103),
('103_FST',21705,48,'FST',103),
('104_ECO',8921,239,'ECO',104),
('104_BUS',18155,61,'BUS',104),
('104_FST',24247,32,'FST',104),
('105_ECO',5529,166,'ECO',105),
('105_BUS',14454,67,'BUS',105),
('105_FST',25166,22,'FST',105),
('106_ECO',9404,126,'ECO',106),
('106_BUS',18419,67,'BUS',106),
('106_FST',24302,34,'FST',106),
('107_ECO',7132,136,'ECO',107),
('107_BUS',15333,72,'BUS',107),
('107_FST',28311,50,'FST',107),
('108_ECO',6551,247,'ECO',108),
('108_BUS',14229,63,'BUS',108),
('108_FST',23402,38,'FST',108),
('109_ECO',5993,108,'ECO',109),
('109_BUS',15887,88,'BUS',109),
('109_FST',20307,39,'FST',109),
('110_ECO',5042,279,'ECO',110),
('110_BUS',16889,75,'BUS',110),
('110_FST',27510,23,'FST',110),
('111_ECO',9701,230,'ECO',111),
('111_BUS',11293,96,'BUS',111),
('111_FST',26159,27,'FST',111),
('112_ECO',9462,215,'ECO',112),
('112_BUS',15649,95,'BUS',112),
('112_FST',21076,25,'FST',112),
('113_ECO',9141,130,'ECO',113),
('113_BUS',10787,61,'BUS',113),
('113_FST',25458,27,'FST',113),
('114_ECO',7760,260,'ECO',114),
('114_BUS',13786,83,'BUS',114),
('114_FST',28756,46,'FST',114),
('115_ECO',7603,108,'ECO',115),
('115_BUS',19607,60,'BUS',115),
('115_FST',21878,46,'FST',115),
('116_ECO',5320,266,'ECO',116),
('116_BUS',18391,57,'BUS',116),
('116_FST',27556,34,'FST',116),
('117_ECO',6286,113,'ECO',117),
('117_BUS',10122,91,'BUS',117),
('117_FST',28381,27,'FST',117),
('118_ECO',5375,111,'ECO',118),
('118_BUS',19920,87,'BUS',118),
('118_FST',27021,21,'FST',118),
('119_ECO',9003,294,'ECO',119),
('119_BUS',14064,86,'BUS',119),
('119_FST',24063,49,'FST',119),
('120_ECO',5711,217,'ECO',120),
('120_BUS',13610,83,'BUS',120),
('120_FST',23169,21,'FST',120),
('121_ECO',8298,247,'ECO',121),
('121_BUS',19710,81,'BUS',121),
('121_FST',28076,28,'FST',121),
('122_ECO',6352,194,'ECO',122),
('122_BUS',17683,76,'BUS',122),
('122_FST',26644,41,'FST',122),
('123_ECO',5071,181,'ECO',123),
('123_BUS',19924,55,'BUS',123),
('123_FST',24020,29,'FST',123),
('124_ECO',7106,167,'ECO',124),
('124_BUS',13976,75,'BUS',124),
('124_FST',29736,30,'FST',124),
('125_ECO',5978,168,'ECO',125),
('125_BUS',12311,82,'BUS',125),
('125_FST',23538,34,'FST',125),
('126_ECO',7991,274,'ECO',126),
('126_BUS',17682,78,'BUS',126),
('126_FST',22526,20,'FST',126),
('127_ECO',7341,250,'ECO',127),
('127_BUS',19393,82,'BUS',127),
('127_FST',23843,45,'FST',127),
('128_ECO',8858,202,'ECO',128),
('128_BUS',15408,89,'BUS',128),
('128_FST',28705,48,'FST',128),
('129_ECO',5654,185,'ECO',129),
('129_BUS',10503,52,'BUS',129),
('129_FST',26022,30,'FST',129),
('130_ECO',7455,116,'ECO',130),
('130_BUS',17055,94,'BUS',130),
('130_FST',25707,29,'FST',130),
('131_ECO',8826,241,'ECO',131),
('131_BUS',14084,64,'BUS',131),
('131_FST',28924,42,'FST',131),
('132_ECO',5722,135,'ECO',132),
('132_BUS',17542,58,'BUS',132),
('132_FST',24450,45,'FST',132),
('133_ECO',8355,216,'ECO',133),
('133_BUS',15355,96,'BUS',133),
('133_FST',21585,25,'FST',133),
('134_ECO',6131,173,'ECO',134),
('134_BUS',15811,52,'BUS',134),
('134_FST',20892,46,'FST',134),
('135_ECO',7172,243,'ECO',135),
('135_BUS',14191,67,'BUS',135),
('135_FST',25221,29,'FST',135),
('136_ECO',5409,296,'ECO',136),
('136_BUS',18257,61,'BUS',136),
('136_FST',23648,24,'FST',136),
('137_ECO',8984,238,'ECO',137),
('137_BUS',12973,100,'BUS',137),
('137_FST',21879,29,'FST',137),
('138_ECO',6889,265,'ECO',138),
('138_BUS',17747,68,'BUS',138),
('138_FST',24573,37,'FST',138),
('139_ECO',7057,225,'ECO',139),
('139_BUS',12822,93,'BUS',139),
('139_FST',28865,48,'FST',139),
('140_ECO',9344,146,'ECO',140),
('140_BUS',11024,60,'BUS',140),
('140_FST',20181,22,'FST',140),
('141_ECO',7879,296,'ECO',141),
('141_BUS',13324,75,'BUS',141),
('141_FST',29389,35,'FST',141),
('142_ECO',6482,206,'ECO',142),
('142_BUS',19741,97,'BUS',142),
('142_FST',22203,38,'FST',142),
('143_ECO',8548,228,'ECO',143),
('143_BUS',16468,62,'BUS',143),
('143_FST',29109,43,'FST',143),
('144_ECO',7976,283,'ECO',144),
('144_BUS',14799,66,'BUS',144),
('144_FST',28440,27,'FST',144),
('145_ECO',6340,289,'ECO',145),
('145_BUS',12608,96,'BUS',145),
('145_FST',21786,30,'FST',145),
('146_ECO',8275,241,'ECO',146),
('146_BUS',16516,76,'BUS',146),
('146_FST',20632,34,'FST',146),
('147_ECO',5667,101,'ECO',147),
('147_BUS',18507,91,'BUS',147),
('147_FST',27708,50,'FST',147),
('148_ECO',7337,127,'ECO',148),
('148_BUS',18542,99,'BUS',148),
('148_FST',25346,41,'FST',148),
('149_ECO',6333,279,'ECO',149),
('149_BUS',13719,67,'BUS',149),
('149_FST',29142,44,'FST',149),
('150_ECO',9000,260,'ECO',150),
('150_BUS',11011,50,'BUS',150),
('150_FST',23250,25,'FST',150),
('151_ECO',7422,284,'ECO',151),
('151_BUS',15155,90,'BUS',151),
('151_FST',28197,22,'FST',151),
('152_ECO',9982,249,'ECO',152),
('152_BUS',19204,59,'BUS',152),
('152_FST',29964,23,'FST',152),
('153_ECO',6941,173,'ECO',153),
('153_BUS',17253,69,'BUS',153),
('153_FST',21319,29,'FST',153),
('154_ECO',8636,200,'ECO',154),
('154_BUS',19905,84,'BUS',154),
('154_FST',26249,41,'FST',154),
('155_ECO',7842,172,'ECO',155),
('155_BUS',12513,71,'BUS',155),
('155_FST',22233,25,'FST',155),
('156_ECO',6934,194,'ECO',156),
('156_BUS',19989,71,'BUS',156),
('156_FST',27230,26,'FST',156),
('157_ECO',6979,146,'ECO',157),
('157_BUS',10422,84,'BUS',157),
('157_FST',24899,48,'FST',157),
('158_ECO',5106,204,'ECO',158),
('158_BUS',13894,71,'BUS',158),
('158_FST',20160,47,'FST',158),
('159_ECO',9875,293,'ECO',159),
('159_BUS',16989,79,'BUS',159),
('159_FST',24354,36,'FST',159),
('160_ECO',8942,227,'ECO',160),
('160_BUS',15992,86,'BUS',160),
('160_FST',26496,32,'FST',160),
('161_ECO',9125,171,'ECO',161),
('161_BUS',19622,90,'BUS',161),
('161_FST',21639,31,'FST',161),
('162_ECO',5292,119,'ECO',162),
('162_BUS',12761,74,'BUS',162),
('162_FST',29347,48,'FST',162),
('163_ECO',5017,246,'ECO',163),
('163_BUS',10030,77,'BUS',163),
('163_FST',22604,26,'FST',163),
('164_ECO',9801,123,'ECO',164),
('164_BUS',10789,93,'BUS',164),
('164_FST',24400,42,'FST',164),
('165_ECO',7849,214,'ECO',165),
('165_BUS',18104,77,'BUS',165),
('165_FST',28791,46,'FST',165),
('166_ECO',7829,116,'ECO',166),
('166_BUS',15026,69,'BUS',166),
('166_FST',26673,40,'FST',166),
('167_ECO',6651,168,'ECO',167),
('167_BUS',18096,86,'BUS',167),
('167_FST',26037,34,'FST',167),
('168_ECO',6369,152,'ECO',168),
('168_BUS',18176,96,'BUS',168),
('168_FST',24317,36,'FST',168),
('169_ECO',5855,148,'ECO',169),
('169_BUS',19268,60,'BUS',169),
('169_FST',23551,38,'FST',169),
('170_ECO',5963,285,'ECO',170),
('170_BUS',17680,62,'BUS',170),
('170_FST',28426,37,'FST',170),
('171_ECO',8413,257,'ECO',171),
('171_BUS',18754,53,'BUS',171),
('171_FST',27323,21,'FST',171),
('172_ECO',7304,266,'ECO',172),
('172_BUS',15521,51,'BUS',172),
('172_FST',21496,41,'FST',172),
('173_ECO',7140,105,'ECO',173),
('173_BUS',11982,60,'BUS',173),
('173_FST',29364,33,'FST',173),
('174_ECO',9440,142,'ECO',174),
('174_BUS',12734,69,'BUS',174),
('174_FST',26609,24,'FST',174),
('175_ECO',7668,278,'ECO',175),
('175_BUS',12409,56,'BUS',175),
('175_FST',28426,49,'FST',175),
('176_ECO',6182,181,'ECO',176),
('176_BUS',11513,56,'BUS',176),
('176_FST',27218,41,'FST',176),
('177_ECO',6287,110,'ECO',177),
('177_BUS',16527,52,'BUS',177),
('177_FST',23512,26,'FST',177),
('178_ECO',8090,192,'ECO',178),
('178_BUS',19115,78,'BUS',178),
('178_FST',23845,48,'FST',178),
('179_ECO',9041,199,'ECO',179),
('179_BUS',18986,70,'BUS',179),
('179_FST',23235,45,'FST',179),
('180_ECO',6129,147,'ECO',180),
('180_BUS',13571,91,'BUS',180),
('180_FST',23409,42,'FST',180),
('181_ECO',8411,273,'ECO',181),
('181_BUS',17577,61,'BUS',181),
('181_FST',26510,33,'FST',181),
('182_ECO',8408,219,'ECO',182),
('182_BUS',10623,77,'BUS',182),
('182_FST',21843,44,'FST',182),
('183_ECO',6621,177,'ECO',183),
('183_BUS',16182,54,'BUS',183),
('183_FST',27497,20,'FST',183),
('184_ECO',8504,299,'ECO',184),
('184_BUS',10157,74,'BUS',184),
('184_FST',22506,47,'FST',184),
('185_ECO',5861,182,'ECO',185),
('185_BUS',10264,65,'BUS',185),
('185_FST',21255,25,'FST',185),
('186_ECO',7419,241,'ECO',186),
('186_BUS',11438,78,'BUS',186),
('186_FST',28513,46,'FST',186),
('187_ECO',7375,277,'ECO',187),
('187_BUS',15167,99,'BUS',187),
('187_FST',22628,40,'FST',187),
('188_ECO',6271,269,'ECO',188),
('188_BUS',19200,65,'BUS',188),
('188_FST',21858,38,'FST',188),
('189_ECO',8201,157,'ECO',189),
('189_BUS',16869,52,'BUS',189),
('189_FST',21542,49,'FST',189),
('190_ECO',9043,215,'ECO',190),
('190_BUS',17133,58,'BUS',190),
('190_FST',26456,47,'FST',190),
('191_ECO',5611,126,'ECO',191),
('191_BUS',13530,88,'BUS',191),
('191_FST',26950,37,'FST',191),
('192_ECO',5429,263,'ECO',192),
('192_BUS',11032,81,'BUS',192),
('192_FST',25809,41,'FST',192),
('193_ECO',8533,266,'ECO',193),
('193_BUS',16552,94,'BUS',193),
('193_FST',28943,50,'FST',193),
('194_ECO',9478,238,'ECO',194),
('194_BUS',11550,84,'BUS',194),
('194_FST',29942,42,'FST',194),
('195_ECO',8557,178,'ECO',195),
('195_BUS',19509,62,'BUS',195),
('195_FST',28673,47,'FST',195),
('196_ECO',8903,169,'ECO',196),
('196_BUS',10513,71,'BUS',196),
('196_FST',28291,40,'FST',196),
('197_ECO',5520,291,'ECO',197),
('197_BUS',18587,72,'BUS',197),
('197_FST',21136,20,'FST',197),
('198_ECO',6755,275,'ECO',198),
('198_BUS',19362,99,'BUS',198),
('198_FST',24080,36,'FST',198),
('199_ECO',7241,138,'ECO',199),
('199_BUS',12429,94,'BUS',199),
('199_FST',29631,27,'FST',199),
('200_ECO',8063,251,'ECO',200),
('200_BUS',10518,50,'BUS',200),
('200_FST',25193,44,'FST',200);

set sql_safe_updates = 0;

Update flights
set Departure_Time = DATE_ADD(Departure_Time, INTERVAL 2 MONTH),
Arrival_Time = DATE_ADD(Arrival_Time, INTERVAL 2 MONTH);

Set sql_safe_updates = 1;