-- database
drop database IF exists vistara_flights;
create database vistara_flights;
use vistara_flights;

-- Create the Airport table
CREATE TABLE Airport (
    Airport_ID INT PRIMARY KEY AUTO_INCREMENT,
    Name VARCHAR(100),
    City VARCHAR(50),
    Country VARCHAR(50),
    Code VARCHAR(3)
);

-- Create the Flight_Coupons table
CREATE TABLE Flight_Coupons (
    Coupon VARCHAR(20) PRIMARY KEY,
    Discount_Percentage DECIMAL(5, 2)
);

-- Create the Flights table
CREATE TABLE Flights (
    Flight_ID INT PRIMARY KEY AUTO_INCREMENT,
    Departure_Airport_ID INT,
    Arrival_Airport_ID INT,
    Departure_Time DATETIME,
    Arrival_Time DATETIME,
    Duration INT,
    FOREIGN KEY (Departure_Airport_ID) REFERENCES Airport(Airport_ID),
    FOREIGN KEY (Arrival_Airport_ID) REFERENCES Airport(Airport_ID)
);

-- Create the Class table
CREATE TABLE Class (
    Class_Name VARCHAR(10) PRIMARY KEY,
    Price DECIMAL(10, 2),
    Capacity INT,
    Class_Code VARCHAR(5),
    Flight_ID INT,
    FOREIGN KEY (Flight_ID) REFERENCES Flights(Flight_ID)
);

-- Create the Passengers table
CREATE TABLE Passengers (
    Passenger_ID INT PRIMARY KEY AUTO_INCREMENT,
    F_Name VARCHAR(50),
    L_Name VARCHAR(50),
    Email VARCHAR(100),
    Gender VARCHAR(10),
    Phone_Number VARCHAR(20)
    );

-- Create the Booking table
CREATE TABLE Booking (
    Booking_ID INT PRIMARY KEY AUTO_INCREMENT,
    Flight_ID INT,
    Class_Name VARCHAR(10),
    Booking_Time DATETIME,
    Total_Amount DECIMAL(10, 2),
    Customer_ID INT,
    Coupon_ID VARCHAR(20),
    Booked_By VARCHAR(10),
    FOREIGN KEY (Flight_ID) REFERENCES Flights(Flight_ID),
    FOREIGN KEY (Class_Name) REFERENCES Class(Class_Name),
    FOREIGN KEY (Coupon_ID) REFERENCES Flight_Coupons(Coupon),
    FOREIGN KEY (Customer_ID) REFERENCES Passengers(Passenger_ID)
);


-- Data
-- Insert data into Flight_Coupons table
INSERT INTO Flight_Coupons (Coupon, Discount_Percentage)
VALUES
    ('FLIGHT10', 10.00),
    ('NEW75', 7.50);
-- Airport
INSERT INTO Airport(Airport_ID,Name,City,Country,Code) VALUES 
(1,'Indira Gandhi International Airport','Delhi','INDIA','DEL'),
(2,'Chhatrapati Shivaji Maharaj International Airport','Mumbai','INDIA','BOM'),
(3,'Kempegowda International Airport','Bangalore','INDIA','BLR'),
(4,'Chennai International Airport','Chennai','INDIA','MAA'),
(5,'Netaji Subhas Chandra Bose International Airport','Kolkata','INDIA','CCU'),
(6,'Rajiv Gandhi International Airport','Hyderabad','INDIA','HYD'),
(7,'Cochin International Airport','Kochi','INDIA','COK'),
(8,'Pune Airport','Pune','INDIA','PNQ'),
(9,'Goa International Airport','Dabolim','INDIA','GOI'),
(10,'Sardar Vallabhbhai Patel International Airport','Ahmedabad','INDIA','AMD'),
(11,'Jaipur International Airport','Jaipur','INDIA','JAI'),
(12,'Thiruvananthapuram International Airport','Thiruvananthapuram','INDIA','TRV'),
(13,'Ahmedabad Airport','Ahmedabad','INDIA','AMD'),
(14,'Biju Patnaik International Airport','Bhubaneswar','INDIA','BBI'),
(15,'Amritsar International Airport','Amritsar','INDIA','ATQ'),
(16,'Guwahati International Airport','Guwahati','INDIA','GAU'),
(17,'Mangalore Airport','Mangalore','INDIA','IXE'),
(18,'Visakhapatnam International Airport','Visakhapatnam','INDIA','VTZ'),
(19,'Lucknow Airport','Lucknow','INDIA','LKO'),
(20,'Chandigarh International Airport','Chandigarh','INDIA','IXC'),
(21,'Indore Airport','Indore','INDIA','IDR'),
(22,'Trichy International Airport','Tiruchirappalli','INDIA','TRZ'),
(23,'Calicut International Airport','Kozhikode','INDIA','CCJ'),
(24,'Vijayawada International Airport','Vijayawada','INDIA','VGA'),
(25,'Varanasi Airport','Varanasi','INDIA','VNS'),
(26,'Bagdogra Airport','Bagdogra','INDIA','IXB'),
(27,'Srinagar International Airport','Srinagar','INDIA','SXR'),
(28,'Coimbatore International Airport','Coimbatore','INDIA','CJB'),
(29,'Madurai International Airport','Madurai','INDIA','IXM'),
(30,'Trivandrum International Airport','Thiruvananthapuram','INDIA','TRV'),
(31,'Jodhpur Airport','Jodhpur','INDIA','JDH'),
(32,'Leh Kushok Bakula Rimpochee Airport','Leh','INDIA','IXL'),
(33,'Bhopal Airport','Bhopal','INDIA','BHO'),
(34,'Dehradun Airport','Dehradun','INDIA','DED'),
(35,'Jammu Airport','Jammu','INDIA','IXJ'),
(36,'Rajkot Airport','Rajkot','INDIA','RAJ'),
(37,'Agartala Airport','Agartala','INDIA','IXA'),
(38,'Silchar Airport','Silchar','INDIA','IXS'),
(39,'Dibrugarh Airport','Dibrugarh','INDIA','DIB'),
(40,'Imphal Airport','Imphal','INDIA','IMF'),
(41,'Aizawl Airport','Aizawl','INDIA','AJL'),
(42,'Port Blair Airport','Port Blair','INDIA','IXZ'),
(43,'Udaipur Airport','Udaipur','INDIA','UDR'),
(44,'Raipur Airport','Raipur','INDIA','RPR'),
(45,'Patna Airport','Patna','INDIA','PAT'),
(46,'Ranchi Airport','Ranchi','INDIA','IXR'),
(47,'Jabalpur Airport','Jabalpur','INDIA','JLR'),
(48,'Allahabad Airport','Prayagraj','INDIA','IXD'),
(49,'Kanpur Airport','Kanpur','INDIA','KNU'),
(50,'Mysore Airport','Mysore','INDIA','MYQ'),
(51,'Surat Airport','Surat','INDIA','STV'),
(52,'Belgaum Airport','Belgaum','INDIA','IXG'),
(53,'Dharamshala Airport','Dharamshala','INDIA','DHM'),
(54,'Bhavnagar Airport','Bhavnagar','INDIA','BHU'),
(55,'Tirupati Airport','Tirupati','INDIA','TIR'),
(56,'Warangal Airport','Warangal','INDIA','WGC'),
(57,'Gwalior Airport','Gwalior','INDIA','GWL'),
(58,'Shillong Airport','Shillong','INDIA','SHL'),
(59,'Hubli Airport','Hubli','INDIA','HBX'),
(60,'Ludhiana Airport','Ludhiana','INDIA','LUH'),
(61,'Kannur International Airport','Kannur','INDIA','CNN'),
(62,'Pantnagar Airport','Pantnagar','INDIA','PGH'),
(63,'Shirdi Airport','Shirdi','INDIA','SAG'),
(64,'Kullu Manali Airport','Kullu','INDIA','KUU'),
(65,'Jaisalmer Airport','Jaisalmer','INDIA','JSA'),
(66,'Kadapa Airport','Kadapa','INDIA','CDP'),
(67,'Nagpur Airport','Nagpur','INDIA','NAG'),
(68,'Jhansi Airport','Jhansi','INDIA','JHS'),
(69,'Muzaffarpur Airport','Muzaffarpur','INDIA','MZU'),
(70,'Keshod Airport','Keshod','INDIA','IXK'),
(71,'Balurghat Airport','Balurghat','INDIA','RGH'),
(72,'Bareilly Airport','Bareilly','INDIA','BEK'),
(73,'Birsa Munda Airport','Ranchi','INDIA','IXR'),
(74,'Kolhapur Airport','Kolhapur','INDIA','KLH'),
(75,'Sheikh ul Alam International Airport','Srinagar','INDIA','SXR');

-- Flights
INSERT INTO `Flights` VALUES
(1,14,67,'2023-10-21 20:58:14','2023-10-22 04:40:14',462),
(2,41,55,'2023-09-22 04:21:06','2023-09-22 10:28:06',367),
(3,19,2,'2023-10-20 03:16:03','2023-10-20 10:58:03',462),
(4,42,46,'2023-10-03 12:21:14','2023-10-03 20:06:14',465),
(5,67,25,'2023-09-22 00:16:30','2023-09-22 07:58:30',462),
(6,55,61,'2023-10-05 03:35:15','2023-10-05 11:21:15',466),
(7,13,50,'2023-10-08 08:14:41','2023-10-08 15:52:41',458),
(8,70,56,'2023-09-17 07:29:36','2023-09-17 16:14:36',525),
(9,55,32,'2023-09-22 11:24:06','2023-09-22 17:28:06',364),
(10,75,13,'2023-10-19 03:06:12','2023-10-19 11:08:12',482),
(11,46,16,'2023-10-22 00:02:26','2023-10-22 08:03:26',481),
(12,75,49,'2023-10-27 06:58:18','2023-10-27 15:18:18',500),
(13,60,56,'2023-09-23 10:16:46','2023-09-23 17:28:46',432),
(14,13,34,'2023-10-06 15:33:07','2023-10-06 22:17:07',404),
(15,11,75,'2023-10-17 06:09:01','2023-10-17 12:49:01',400),
(16,67,12,'2023-09-23 02:01:15','2023-09-23 10:08:15',487),
(17,75,11,'2023-10-08 23:41:58','2023-10-09 05:40:58',359),
(18,53,68,'2023-09-13 05:01:15','2023-09-13 10:20:15',319),
(19,40,18,'2023-09-29 19:17:11','2023-09-30 00:50:11',333),
(20,49,29,'2023-09-27 20:57:00','2023-09-28 03:02:00',365),
(21,71,22,'2023-09-15 11:48:26','2023-09-15 19:09:26',441),
(22,12,40,'2023-09-06 06:03:24','2023-09-06 12:34:24',391),
(23,56,3,'2023-09-04 19:39:15','2023-09-05 01:34:15',355),
(24,9,49,'2023-10-23 21:32:23','2023-10-24 04:17:23',405),
(25,57,44,'2023-10-19 20:16:56','2023-10-20 05:14:56',538),
(26,14,67,'2023-09-16 18:29:58','2023-09-17 03:01:58',512),
(27,5,63,'2023-09-10 01:50:31','2023-09-10 07:47:31',357),
(28,44,4,'2023-10-03 16:03:29','2023-10-04 00:11:29',488),
(29,62,34,'2023-09-02 23:22:20','2023-09-03 07:02:20',460),
(30,7,46,'2023-10-12 13:23:43','2023-10-12 21:47:43',504),
(31,22,5,'2023-10-02 02:34:46','2023-10-02 07:35:46',301),
(32,3,33,'2023-09-23 16:42:12','2023-09-23 21:49:12',307),
(33,49,27,'2023-09-12 00:01:42','2023-09-12 06:42:42',401),
(34,25,62,'2023-10-22 01:23:34','2023-10-22 09:31:34',488),
(35,44,7,'2023-10-08 17:24:01','2023-10-09 02:14:01',530),
(36,70,59,'2023-09-15 03:51:33','2023-09-15 11:46:33',475),
(37,33,28,'2023-09-06 05:46:07','2023-09-06 10:47:07',301),
(38,11,52,'2023-10-03 11:55:35','2023-10-03 19:13:35',438),
(39,24,61,'2023-09-17 06:21:42','2023-09-17 14:30:42',489),
(40,73,41,'2023-10-05 03:03:56','2023-10-05 09:02:56',359),
(41,22,16,'2023-10-02 12:29:58','2023-10-02 18:02:58',333),
(42,27,58,'2023-10-13 05:53:06','2023-10-13 10:56:06',303),
(43,67,72,'2023-09-29 12:36:02','2023-09-29 18:34:02',358),
(44,60,51,'2023-09-28 00:55:28','2023-09-28 09:27:28',512),
(45,63,47,'2023-10-25 15:55:42','2023-10-25 21:38:42',343),
(46,4,25,'2023-09-21 05:05:54','2023-09-21 11:00:54',355),
(47,30,31,'2023-09-18 13:55:17','2023-09-18 20:14:17',379),
(48,45,52,'2023-09-04 14:02:53','2023-09-04 21:17:53',435),
(49,74,32,'2023-10-07 05:41:16','2023-10-07 10:47:16',306),
(50,50,43,'2023-09-16 19:10:47','2023-09-17 03:30:47',500),
(51,16,61,'2023-10-27 03:50:12','2023-10-27 10:19:12',389),
(52,5,28,'2023-09-09 13:43:01','2023-09-09 20:43:01',420),
(53,43,51,'2023-10-20 09:31:19','2023-10-20 15:23:19',352),
(54,44,5,'2023-10-05 19:02:05','2023-10-06 00:02:05',300),
(55,55,64,'2023-10-27 01:36:19','2023-10-27 08:59:19',443),
(56,48,8,'2023-09-30 12:03:44','2023-09-30 20:16:44',493),
(57,3,19,'2023-09-09 15:55:53','2023-09-09 23:38:53',463),
(58,8,32,'2023-09-12 14:48:27','2023-09-12 20:21:27',333),
(59,23,55,'2023-10-07 18:42:28','2023-10-08 00:11:28',329),
(60,2,30,'2023-10-07 01:59:59','2023-10-07 09:04:59',425),
(61,19,20,'2023-10-07 09:19:27','2023-10-07 15:57:27',398),
(62,14,62,'2023-09-27 11:18:57','2023-09-27 19:29:57',491),
(63,42,11,'2023-09-29 12:51:55','2023-09-29 17:54:55',303),
(64,11,21,'2023-09-05 18:42:56','2023-09-06 03:15:56',513),
(65,7,65,'2023-09-09 01:34:50','2023-09-09 07:15:50',341),
(66,22,55,'2023-10-21 21:03:22','2023-10-22 02:04:22',301),
(67,37,47,'2023-09-26 07:40:10','2023-09-26 13:06:10',326),
(68,2,5,'2023-09-06 06:07:52','2023-09-06 14:48:52',521),
(69,59,43,'2023-09-11 09:41:27','2023-09-11 17:28:27',467),
(70,64,9,'2023-10-24 21:55:36','2023-10-25 06:54:36',539),
(71,5,7,'2023-09-30 06:17:01','2023-09-30 14:01:01',464),
(72,58,15,'2023-10-08 07:58:00','2023-10-08 14:32:00',394),
(73,16,48,'2023-10-09 05:50:44','2023-10-09 12:42:44',412),
(74,21,33,'2023-09-02 19:19:13','2023-09-03 00:46:13',327),
(75,66,26,'2023-10-19 06:55:32','2023-10-19 15:13:32',498),
(76,31,59,'2023-10-09 02:08:13','2023-10-09 08:11:13',363),
(77,55,25,'2023-09-14 09:22:47','2023-09-14 15:20:47',358),
(78,67,5,'2023-09-24 14:10:53','2023-09-24 19:15:53',305),
(79,13,22,'2023-09-29 10:57:39','2023-09-29 19:37:39',520),
(80,5,31,'2023-09-08 20:17:48','2023-09-09 02:33:48',376),
(81,63,30,'2023-09-12 11:47:46','2023-09-12 17:09:46',322),
(82,23,39,'2023-09-21 13:05:28','2023-09-21 18:53:28',348),
(83,9,61,'2023-10-28 15:58:57','2023-10-28 23:54:57',476),
(84,46,45,'2023-10-29 17:04:11','2023-10-30 00:26:11',442),
(85,66,42,'2023-10-01 19:39:00','2023-10-02 01:02:00',323),
(86,39,29,'2023-09-12 10:23:15','2023-09-12 18:45:15',502),
(87,69,55,'2023-10-19 03:48:13','2023-10-19 10:41:13',413),
(88,30,23,'2023-10-18 04:50:53','2023-10-18 10:02:53',312),
(89,57,50,'2023-09-29 13:18:52','2023-09-29 21:14:52',476),
(90,1,58,'2023-09-15 18:27:22','2023-09-16 01:13:22',406),
(91,10,47,'2023-10-03 23:16:30','2023-10-04 04:19:30',303),
(92,32,25,'2023-09-24 15:56:17','2023-09-24 22:17:17',381),
(93,71,24,'2023-09-21 21:20:38','2023-09-22 02:50:38',330),
(94,1,51,'2023-10-27 22:49:31','2023-10-28 07:09:31',500),
(95,69,32,'2023-09-19 02:09:51','2023-09-19 10:57:51',528),
(96,26,68,'2023-09-06 15:25:50','2023-09-06 22:37:50',432),
(97,51,60,'2023-10-15 09:28:06','2023-10-15 16:30:06',422),
(98,69,66,'2023-10-06 00:28:17','2023-10-06 09:28:17',540),
(99,16,47,'2023-10-09 03:22:45','2023-10-09 08:54:45',332),
(100,61,18,'2023-09-08 21:50:21','2023-09-09 06:15:21',505),
(101,5,60,'2023-09-08 17:30:54','2023-09-09 02:02:54',512),
(102,69,39,'2023-09-29 14:04:01','2023-09-29 20:27:01',383),
(103,53,48,'2023-10-02 15:02:37','2023-10-02 23:58:37',536),
(104,70,60,'2023-09-07 04:40:29','2023-09-07 10:57:29',377),
(105,51,71,'2023-10-13 16:49:12','2023-10-13 22:04:12',315),
(106,21,68,'2023-09-17 08:21:42','2023-09-17 14:05:42',344),
(107,10,33,'2023-10-08 08:54:43','2023-10-08 14:04:43',310),
(108,72,7,'2023-09-18 08:14:29','2023-09-18 14:40:29',386),
(109,27,9,'2023-09-21 09:41:39','2023-09-21 14:50:39',309),
(110,31,9,'2023-10-06 07:25:28','2023-10-06 14:54:28',449),
(111,21,23,'2023-09-11 15:48:58','2023-09-11 22:07:58',379),
(112,75,71,'2023-10-16 11:46:52','2023-10-16 20:08:52',502),
(113,2,30,'2023-09-05 12:28:25','2023-09-05 20:53:25',505),
(114,27,40,'2023-10-15 09:50:13','2023-10-15 15:42:13',352),
(115,47,3,'2023-09-03 10:48:42','2023-09-03 15:56:42',308),
(116,65,39,'2023-10-06 17:26:39','2023-10-07 00:21:39',415),
(117,32,54,'2023-10-22 05:45:44','2023-10-22 11:11:44',326),
(118,46,2,'2023-10-24 06:07:30','2023-10-24 14:05:30',478),
(119,24,48,'2023-10-17 04:42:28','2023-10-17 10:42:28',360),
(120,41,56,'2023-09-14 07:27:09','2023-09-14 16:06:09',519),
(121,1,38,'2023-10-25 15:23:51','2023-10-25 21:49:51',386),
(122,13,34,'2023-10-26 20:09:13','2023-10-27 01:51:13',342),
(123,58,1,'2023-10-20 18:17:24','2023-10-21 01:08:24',411),
(124,9,52,'2023-09-28 10:23:03','2023-09-28 18:30:03',487),
(125,63,34,'2023-10-05 20:14:01','2023-10-06 04:22:01',488),
(126,28,12,'2023-09-25 13:31:48','2023-09-25 22:19:48',528),
(127,43,1,'2023-10-16 00:57:34','2023-10-16 06:21:34',324),
(128,63,11,'2023-10-13 00:38:42','2023-10-13 06:59:42',381),
(129,10,52,'2023-09-20 11:11:54','2023-09-20 17:23:54',372),
(130,61,12,'2023-10-06 10:35:57','2023-10-06 18:19:57',464),
(131,68,32,'2023-09-08 08:46:48','2023-09-08 15:15:48',389),
(132,10,54,'2023-09-29 01:34:43','2023-09-29 07:32:43',358),
(133,42,31,'2023-10-04 17:13:40','2023-10-05 00:45:40',452),
(134,23,75,'2023-10-06 10:37:54','2023-10-06 18:46:54',489),
(135,31,57,'2023-10-26 02:03:46','2023-10-26 08:06:46',363),
(136,12,68,'2023-10-13 02:59:12','2023-10-13 10:57:12',478),
(137,58,22,'2023-10-12 06:22:34','2023-10-12 15:04:34',522),
(138,36,66,'2023-10-19 16:42:25','2023-10-20 00:54:25',492),
(139,51,67,'2023-09-03 22:13:33','2023-09-04 05:20:33',427),
(140,17,13,'2023-10-15 10:06:08','2023-10-15 15:21:08',315),
(141,64,4,'2023-09-19 19:29:28','2023-09-20 02:30:28',421),
(142,61,7,'2023-09-19 06:13:29','2023-09-19 14:36:29',503),
(143,37,36,'2023-09-22 07:51:24','2023-09-22 13:29:24',338),
(144,20,63,'2023-10-18 06:11:06','2023-10-18 11:32:06',321),
(145,70,64,'2023-09-30 10:23:27','2023-09-30 19:03:27',520),
(146,51,18,'2023-09-09 07:45:30','2023-09-09 14:16:30',391),
(147,11,50,'2023-09-09 20:19:03','2023-09-10 02:47:03',388),
(148,27,9,'2023-10-15 04:40:06','2023-10-15 10:03:06',323),
(149,30,64,'2023-10-19 11:25:12','2023-10-19 19:47:12',502),
(150,11,62,'2023-09-24 01:43:42','2023-09-24 08:07:42',384),
(151,70,73,'2023-10-22 02:06:29','2023-10-22 08:08:29',362),
(152,41,75,'2023-09-24 15:53:07','2023-09-25 00:28:07',515),
(153,11,43,'2023-10-24 01:24:40','2023-10-24 06:53:40',329),
(154,68,54,'2023-10-16 12:55:50','2023-10-16 21:48:50',533),
(155,1,3,'2023-09-27 10:43:14','2023-09-27 18:08:14',445),
(156,62,10,'2023-10-04 18:51:44','2023-10-05 01:20:44',389),
(157,12,35,'2023-09-11 11:44:46','2023-09-11 19:23:46',459),
(158,67,58,'2023-10-14 20:15:06','2023-10-15 02:39:06',384),
(159,73,14,'2023-09-22 10:22:21','2023-09-22 17:00:21',398),
(160,66,23,'2023-09-27 19:59:26','2023-09-28 02:22:26',383),
(161,16,70,'2023-10-14 02:41:37','2023-10-14 10:08:37',447),
(162,73,7,'2023-10-22 07:18:52','2023-10-22 16:00:52',522),
(163,19,12,'2023-10-13 01:18:09','2023-10-13 06:18:09',300),
(164,39,55,'2023-09-23 05:37:41','2023-09-23 12:59:41',442),
(165,50,37,'2023-09-17 11:05:22','2023-09-17 16:46:22',341),
(166,49,56,'2023-10-24 02:41:59','2023-10-24 10:16:59',455),
(167,39,38,'2023-09-10 08:41:51','2023-09-10 15:25:51',404),
(168,75,67,'2023-10-26 22:08:27','2023-10-27 04:19:27',371),
(169,46,67,'2023-09-23 11:31:07','2023-09-23 19:48:07',497),
(170,37,29,'2023-10-27 14:30:01','2023-10-27 20:20:01',350),
(171,64,43,'2023-09-06 12:31:56','2023-09-06 18:37:56',366),
(172,23,73,'2023-09-16 04:32:07','2023-09-16 12:38:07',486),
(173,46,39,'2023-09-04 04:20:23','2023-09-04 10:31:23',371),
(174,57,31,'2023-10-23 16:07:24','2023-10-23 23:39:24',452),
(175,5,45,'2023-10-14 22:27:41','2023-10-15 05:31:41',424),
(176,2,61,'2023-10-25 13:03:26','2023-10-25 18:31:26',328),
(177,72,52,'2023-09-21 12:05:46','2023-09-21 20:41:46',516),
(178,20,63,'2023-09-25 01:29:47','2023-09-25 09:17:47',468),
(179,50,45,'2023-09-03 06:25:17','2023-09-03 13:55:17',450),
(180,54,16,'2023-10-16 12:50:55','2023-10-16 18:32:55',342),
(181,28,15,'2023-09-28 03:35:25','2023-09-28 09:46:25',371),
(182,25,34,'2023-09-04 13:25:11','2023-09-04 22:17:11',532),
(183,37,47,'2023-09-22 01:28:19','2023-09-22 09:36:19',488),
(184,57,46,'2023-09-05 18:43:00','2023-09-06 00:40:00',357),
(185,57,17,'2023-09-09 01:56:46','2023-09-09 09:19:46',443),
(186,4,48,'2023-09-06 01:54:38','2023-09-06 08:46:38',412),
(187,12,74,'2023-09-29 18:25:11','2023-09-30 03:09:11',524),
(188,51,50,'2023-10-01 18:20:56','2023-10-01 23:36:56',316),
(189,3,13,'2023-09-04 10:18:45','2023-09-04 16:02:45',344),
(190,38,10,'2023-09-09 02:45:03','2023-09-09 10:21:03',456),
(191,69,55,'2023-09-03 10:09:04','2023-09-03 17:45:04',456),
(192,72,70,'2023-09-16 03:57:18','2023-09-16 11:59:18',482),
(193,45,40,'2023-09-30 05:09:24','2023-09-30 11:41:24',392),
(194,5,21,'2023-10-18 03:56:29','2023-10-18 11:00:29',424),
(195,32,17,'2023-09-26 23:35:25','2023-09-27 08:01:25',506),
(196,30,24,'2023-10-07 03:09:06','2023-10-07 09:31:06',382),
(197,43,61,'2023-09-27 17:59:51','2023-09-28 01:30:51',451),
(198,65,51,'2023-10-17 06:53:40','2023-10-17 15:10:40',497),
(199,9,51,'2023-10-21 19:19:02','2023-10-22 02:57:02',458),
(200,8,50,'2023-09-25 07:13:45','2023-09-25 15:09:45',476);

-- Class
INSERT INTO `Class` VALUES
('1_ECO',9709,107,'ECO',1),
('1_BUS',14799,75,'BUS',1),
('1_FST',23956,22,'FST',1),
('2_ECO',9793,267,'ECO',2),
('2_BUS',18232,71,'BUS',2),
('2_FST',22550,27,'FST',2),
('3_ECO',8104,116,'ECO',3),
('3_BUS',19221,75,'BUS',3),
('3_FST',28400,28,'FST',3),
('4_ECO',8219,125,'ECO',4),
('4_BUS',18378,50,'BUS',4),
('4_FST',27834,34,'FST',4),
('5_ECO',5741,173,'ECO',5),
('5_BUS',15461,53,'BUS',5),
('5_FST',29141,50,'FST',5),
('6_ECO',9708,131,'ECO',6),
('6_BUS',16103,66,'BUS',6),
('6_FST',29873,36,'FST',6),
('7_ECO',8837,266,'ECO',7),
('7_BUS',18970,81,'BUS',7),
('7_FST',20159,33,'FST',7),
('8_ECO',5573,245,'ECO',8),
('8_BUS',15130,91,'BUS',8),
('8_FST',25282,43,'FST',8),
('9_ECO',8913,248,'ECO',9),
('9_BUS',14950,60,'BUS',9),
('9_FST',24146,39,'FST',9),
('10_ECO',7447,138,'ECO',10),
('10_BUS',15003,72,'BUS',10),
('10_FST',28157,33,'FST',10),
('11_ECO',7601,147,'ECO',11),
('11_BUS',18543,51,'BUS',11),
('11_FST',24169,50,'FST',11),
('12_ECO',8992,234,'ECO',12),
('12_BUS',11305,74,'BUS',12),
('12_FST',25566,36,'FST',12),
('13_ECO',5061,279,'ECO',13),
('13_BUS',12355,90,'BUS',13),
('13_FST',28123,39,'FST',13),
('14_ECO',6049,107,'ECO',14),
('14_BUS',19614,98,'BUS',14),
('14_FST',25903,33,'FST',14),
('15_ECO',9430,234,'ECO',15),
('15_BUS',11302,69,'BUS',15),
('15_FST',27553,23,'FST',15),
('16_ECO',6402,164,'ECO',16),
('16_BUS',11230,65,'BUS',16),
('16_FST',27646,45,'FST',16),
('17_ECO',9083,296,'ECO',17),
('17_BUS',16874,79,'BUS',17),
('17_FST',20926,44,'FST',17),
('18_ECO',6079,245,'ECO',18),
('18_BUS',15709,57,'BUS',18),
('18_FST',23052,28,'FST',18),
('19_ECO',9394,295,'ECO',19),
('19_BUS',11127,50,'BUS',19),
('19_FST',21184,26,'FST',19),
('20_ECO',6116,281,'ECO',20),
('20_BUS',19879,61,'BUS',20),
('20_FST',20246,20,'FST',20),
('21_ECO',6172,130,'ECO',21),
('21_BUS',16946,58,'BUS',21),
('21_FST',22989,42,'FST',21),
('22_ECO',7062,247,'ECO',22),
('22_BUS',14884,62,'BUS',22),
('22_FST',24538,36,'FST',22),
('23_ECO',7958,105,'ECO',23),
('23_BUS',12160,62,'BUS',23),
('23_FST',25942,29,'FST',23),
('24_ECO',8437,143,'ECO',24),
('24_BUS',16528,78,'BUS',24),
('24_FST',21037,21,'FST',24),
('25_ECO',6014,212,'ECO',25),
('25_BUS',17389,53,'BUS',25),
('25_FST',29716,21,'FST',25),
('26_ECO',7406,127,'ECO',26),
('26_BUS',17669,61,'BUS',26),
('26_FST',22376,26,'FST',26),
('27_ECO',5477,278,'ECO',27),
('27_BUS',13375,77,'BUS',27),
('27_FST',27999,35,'FST',27),
('28_ECO',7577,126,'ECO',28),
('28_BUS',18544,53,'BUS',28),
('28_FST',20401,33,'FST',28),
('29_ECO',7088,292,'ECO',29),
('29_BUS',14341,89,'BUS',29),
('29_FST',21854,47,'FST',29),
('30_ECO',9769,152,'ECO',30),
('30_BUS',12421,85,'BUS',30),
('30_FST',29243,46,'FST',30),
('31_ECO',6292,267,'ECO',31),
('31_BUS',12535,82,'BUS',31),
('31_FST',29489,43,'FST',31),
('32_ECO',8144,176,'ECO',32),
('32_BUS',18338,96,'BUS',32),
('32_FST',20789,42,'FST',32),
('33_ECO',6059,276,'ECO',33),
('33_BUS',18769,76,'BUS',33),
('33_FST',21808,47,'FST',33),
('34_ECO',8307,122,'ECO',34),
('34_BUS',15904,78,'BUS',34),
('34_FST',25865,22,'FST',34),
('35_ECO',7267,201,'ECO',35),
('35_BUS',19830,59,'BUS',35),
('35_FST',25471,35,'FST',35),
('36_ECO',8780,213,'ECO',36),
('36_BUS',13379,61,'BUS',36),
('36_FST',25175,32,'FST',36),
('37_ECO',7991,230,'ECO',37),
('37_BUS',13286,99,'BUS',37),
('37_FST',24237,26,'FST',37),
('38_ECO',8148,223,'ECO',38),
('38_BUS',18774,97,'BUS',38),
('38_FST',25675,42,'FST',38),
('39_ECO',5911,285,'ECO',39),
('39_BUS',18913,89,'BUS',39),
('39_FST',21633,43,'FST',39),
('40_ECO',8328,105,'ECO',40),
('40_BUS',17975,86,'BUS',40),
('40_FST',27955,43,'FST',40),
('41_ECO',8737,172,'ECO',41),
('41_BUS',10839,76,'BUS',41),
('41_FST',21325,36,'FST',41),
('42_ECO',6983,290,'ECO',42),
('42_BUS',18369,64,'BUS',42),
('42_FST',28858,32,'FST',42),
('43_ECO',7459,260,'ECO',43),
('43_BUS',19473,71,'BUS',43),
('43_FST',23112,27,'FST',43),
('44_ECO',5747,217,'ECO',44),
('44_BUS',14819,91,'BUS',44),
('44_FST',29752,35,'FST',44),
('45_ECO',5260,243,'ECO',45),
('45_BUS',14816,59,'BUS',45),
('45_FST',20974,26,'FST',45),
('46_ECO',5073,166,'ECO',46),
('46_BUS',18797,70,'BUS',46),
('46_FST',21030,43,'FST',46),
('47_ECO',8672,157,'ECO',47),
('47_BUS',16502,87,'BUS',47),
('47_FST',20266,49,'FST',47),
('48_ECO',7331,121,'ECO',48),
('48_BUS',10062,85,'BUS',48),
('48_FST',27406,22,'FST',48),
('49_ECO',9566,281,'ECO',49),
('49_BUS',19918,52,'BUS',49),
('49_FST',26790,43,'FST',49),
('50_ECO',7818,296,'ECO',50),
('50_BUS',13975,62,'BUS',50),
('50_FST',25566,28,'FST',50),
('51_ECO',5553,295,'ECO',51),
('51_BUS',16186,95,'BUS',51),
('51_FST',25760,49,'FST',51),
('52_ECO',5255,139,'ECO',52),
('52_BUS',11157,84,'BUS',52),
('52_FST',23689,23,'FST',52),
('53_ECO',5165,112,'ECO',53),
('53_BUS',12581,63,'BUS',53),
('53_FST',23688,25,'FST',53),
('54_ECO',6934,290,'ECO',54),
('54_BUS',19274,64,'BUS',54),
('54_FST',21675,30,'FST',54),
('55_ECO',5906,156,'ECO',55),
('55_BUS',10244,74,'BUS',55),
('55_FST',28728,21,'FST',55),
('56_ECO',5509,203,'ECO',56),
('56_BUS',13534,64,'BUS',56),
('56_FST',28076,46,'FST',56),
('57_ECO',5030,100,'ECO',57),
('57_BUS',10319,82,'BUS',57),
('57_FST',24452,41,'FST',57),
('58_ECO',9108,150,'ECO',58),
('58_BUS',10425,99,'BUS',58),
('58_FST',23706,20,'FST',58),
('59_ECO',5172,173,'ECO',59),
('59_BUS',17214,58,'BUS',59),
('59_FST',25204,24,'FST',59),
('60_ECO',7334,100,'ECO',60),
('60_BUS',13254,69,'BUS',60),
('60_FST',27080,42,'FST',60),
('61_ECO',6938,268,'ECO',61),
('61_BUS',10565,52,'BUS',61),
('61_FST',20563,40,'FST',61),
('62_ECO',7533,214,'ECO',62),
('62_BUS',12158,56,'BUS',62),
('62_FST',27275,38,'FST',62),
('63_ECO',8830,295,'ECO',63),
('63_BUS',16966,97,'BUS',63),
('63_FST',27359,32,'FST',63),
('64_ECO',6898,175,'ECO',64),
('64_BUS',16301,94,'BUS',64),
('64_FST',25433,38,'FST',64),
('65_ECO',6626,151,'ECO',65),
('65_BUS',15163,85,'BUS',65),
('65_FST',26876,42,'FST',65),
('66_ECO',8645,223,'ECO',66),
('66_BUS',10068,70,'BUS',66),
('66_FST',21108,26,'FST',66),
('67_ECO',5209,200,'ECO',67),
('67_BUS',18012,87,'BUS',67),
('67_FST',28049,22,'FST',67),
('68_ECO',5183,117,'ECO',68),
('68_BUS',18272,81,'BUS',68),
('68_FST',20574,41,'FST',68),
('69_ECO',6214,230,'ECO',69),
('69_BUS',10386,83,'BUS',69),
('69_FST',28469,46,'FST',69),
('70_ECO',8905,201,'ECO',70),
('70_BUS',18195,76,'BUS',70),
('70_FST',27595,31,'FST',70),
('71_ECO',5413,139,'ECO',71),
('71_BUS',18181,67,'BUS',71),
('71_FST',25198,24,'FST',71),
('72_ECO',8477,214,'ECO',72),
('72_BUS',15918,71,'BUS',72),
('72_FST',24106,44,'FST',72),
('73_ECO',6799,110,'ECO',73),
('73_BUS',16077,91,'BUS',73),
('73_FST',20555,33,'FST',73),
('74_ECO',7065,294,'ECO',74),
('74_BUS',10888,58,'BUS',74),
('74_FST',28597,21,'FST',74),
('75_ECO',6076,215,'ECO',75),
('75_BUS',10296,85,'BUS',75),
('75_FST',26226,28,'FST',75),
('76_ECO',8311,109,'ECO',76),
('76_BUS',12375,99,'BUS',76),
('76_FST',28774,49,'FST',76),
('77_ECO',9683,139,'ECO',77),
('77_BUS',14489,61,'BUS',77),
('77_FST',28975,44,'FST',77),
('78_ECO',6617,255,'ECO',78),
('78_BUS',15019,53,'BUS',78),
('78_FST',21287,22,'FST',78),
('79_ECO',7113,186,'ECO',79),
('79_BUS',11253,54,'BUS',79),
('79_FST',20332,29,'FST',79),
('80_ECO',9242,107,'ECO',80),
('80_BUS',13578,86,'BUS',80),
('80_FST',27817,49,'FST',80),
('81_ECO',7776,104,'ECO',81),
('81_BUS',14129,69,'BUS',81),
('81_FST',23471,49,'FST',81),
('82_ECO',6512,152,'ECO',82),
('82_BUS',19920,52,'BUS',82),
('82_FST',23708,50,'FST',82),
('83_ECO',7557,259,'ECO',83),
('83_BUS',19040,52,'BUS',83),
('83_FST',27168,29,'FST',83),
('84_ECO',5782,287,'ECO',84),
('84_BUS',18157,60,'BUS',84),
('84_FST',28421,26,'FST',84),
('85_ECO',8804,124,'ECO',85),
('85_BUS',10725,90,'BUS',85),
('85_FST',23560,48,'FST',85),
('86_ECO',7382,194,'ECO',86),
('86_BUS',12990,73,'BUS',86),
('86_FST',24116,29,'FST',86),
('87_ECO',7434,300,'ECO',87),
('87_BUS',14387,95,'BUS',87),
('87_FST',25848,30,'FST',87),
('88_ECO',9225,108,'ECO',88),
('88_BUS',14605,60,'BUS',88),
('88_FST',23396,33,'FST',88),
('89_ECO',8212,126,'ECO',89),
('89_BUS',12415,75,'BUS',89),
('89_FST',21504,22,'FST',89),
('90_ECO',8996,296,'ECO',90),
('90_BUS',12049,56,'BUS',90),
('90_FST',27586,39,'FST',90),
('91_ECO',6681,163,'ECO',91),
('91_BUS',11680,67,'BUS',91),
('91_FST',24709,26,'FST',91),
('92_ECO',9083,141,'ECO',92),
('92_BUS',18946,78,'BUS',92),
('92_FST',27005,32,'FST',92),
('93_ECO',7976,283,'ECO',93),
('93_BUS',14029,81,'BUS',93),
('93_FST',21918,27,'FST',93),
('94_ECO',7359,207,'ECO',94),
('94_BUS',11881,59,'BUS',94),
('94_FST',29817,45,'FST',94),
('95_ECO',9710,216,'ECO',95),
('95_BUS',19546,62,'BUS',95),
('95_FST',20046,27,'FST',95),
('96_ECO',7012,287,'ECO',96),
('96_BUS',10877,56,'BUS',96),
('96_FST',21969,22,'FST',96),
('97_ECO',7711,129,'ECO',97),
('97_BUS',18547,100,'BUS',97),
('97_FST',20868,27,'FST',97),
('98_ECO',6602,273,'ECO',98),
('98_BUS',11492,50,'BUS',98),
('98_FST',23162,46,'FST',98),
('99_ECO',8677,131,'ECO',99),
('99_BUS',19339,69,'BUS',99),
('99_FST',27639,46,'FST',99),
('100_ECO',6059,258,'ECO',100),
('100_BUS',14700,88,'BUS',100),
('100_FST',26062,46,'FST',100),
('101_ECO',8822,178,'ECO',101),
('101_BUS',16877,90,'BUS',101),
('101_FST',29339,39,'FST',101),
('102_ECO',8228,229,'ECO',102),
('102_BUS',17963,87,'BUS',102),
('102_FST',28319,20,'FST',102),
('103_ECO',6015,178,'ECO',103),
('103_BUS',10305,86,'BUS',103),
('103_FST',28244,22,'FST',103),
('104_ECO',8455,276,'ECO',104),
('104_BUS',14516,85,'BUS',104),
('104_FST',29917,31,'FST',104),
('105_ECO',5872,106,'ECO',105),
('105_BUS',17087,80,'BUS',105),
('105_FST',23777,46,'FST',105),
('106_ECO',6666,226,'ECO',106),
('106_BUS',14624,89,'BUS',106),
('106_FST',22360,26,'FST',106),
('107_ECO',5334,162,'ECO',107),
('107_BUS',19269,69,'BUS',107),
('107_FST',27239,25,'FST',107),
('108_ECO',9508,115,'ECO',108),
('108_BUS',10234,100,'BUS',108),
('108_FST',22858,21,'FST',108),
('109_ECO',8816,173,'ECO',109),
('109_BUS',16005,54,'BUS',109),
('109_FST',23172,50,'FST',109),
('110_ECO',7189,153,'ECO',110),
('110_BUS',13674,89,'BUS',110),
('110_FST',28226,32,'FST',110),
('111_ECO',9244,120,'ECO',111),
('111_BUS',13769,57,'BUS',111),
('111_FST',29376,43,'FST',111),
('112_ECO',6135,186,'ECO',112),
('112_BUS',17559,99,'BUS',112),
('112_FST',23933,39,'FST',112),
('113_ECO',6821,236,'ECO',113),
('113_BUS',14413,87,'BUS',113),
('113_FST',28938,42,'FST',113),
('114_ECO',8597,141,'ECO',114),
('114_BUS',18228,50,'BUS',114),
('114_FST',21462,27,'FST',114),
('115_ECO',7011,272,'ECO',115),
('115_BUS',13693,95,'BUS',115),
('115_FST',22763,49,'FST',115),
('116_ECO',8000,121,'ECO',116),
('116_BUS',16605,79,'BUS',116),
('116_FST',21735,30,'FST',116),
('117_ECO',7269,287,'ECO',117),
('117_BUS',10311,72,'BUS',117),
('117_FST',21215,35,'FST',117),
('118_ECO',7941,177,'ECO',118),
('118_BUS',11877,89,'BUS',118),
('118_FST',21809,30,'FST',118),
('119_ECO',5216,120,'ECO',119),
('119_BUS',17320,73,'BUS',119),
('119_FST',21384,43,'FST',119),
('120_ECO',9884,145,'ECO',120),
('120_BUS',13003,86,'BUS',120),
('120_FST',26610,31,'FST',120),
('121_ECO',5688,183,'ECO',121),
('121_BUS',11343,84,'BUS',121),
('121_FST',21350,46,'FST',121),
('122_ECO',9929,179,'ECO',122),
('122_BUS',17192,91,'BUS',122),
('122_FST',23211,36,'FST',122),
('123_ECO',7301,143,'ECO',123),
('123_BUS',17064,67,'BUS',123),
('123_FST',25090,27,'FST',123),
('124_ECO',7664,297,'ECO',124),
('124_BUS',11106,90,'BUS',124),
('124_FST',27409,44,'FST',124),
('125_ECO',9109,130,'ECO',125),
('125_BUS',10149,99,'BUS',125),
('125_FST',28615,43,'FST',125),
('126_ECO',6741,115,'ECO',126),
('126_BUS',11367,69,'BUS',126),
('126_FST',21547,32,'FST',126),
('127_ECO',7617,129,'ECO',127),
('127_BUS',11381,83,'BUS',127),
('127_FST',29837,37,'FST',127),
('128_ECO',5727,200,'ECO',128),
('128_BUS',12262,73,'BUS',128),
('128_FST',27425,40,'FST',128),
('129_ECO',9048,190,'ECO',129),
('129_BUS',10376,92,'BUS',129),
('129_FST',29003,43,'FST',129),
('130_ECO',7637,118,'ECO',130),
('130_BUS',11473,64,'BUS',130),
('130_FST',28905,25,'FST',130),
('131_ECO',6588,257,'ECO',131),
('131_BUS',11274,83,'BUS',131),
('131_FST',27397,21,'FST',131),
('132_ECO',5178,233,'ECO',132),
('132_BUS',16176,73,'BUS',132),
('132_FST',25328,30,'FST',132),
('133_ECO',5787,243,'ECO',133),
('133_BUS',10336,51,'BUS',133),
('133_FST',29367,21,'FST',133),
('134_ECO',5301,162,'ECO',134),
('134_BUS',19559,62,'BUS',134),
('134_FST',23744,26,'FST',134),
('135_ECO',6102,161,'ECO',135),
('135_BUS',12058,52,'BUS',135),
('135_FST',20724,37,'FST',135),
('136_ECO',8322,152,'ECO',136),
('136_BUS',15101,61,'BUS',136),
('136_FST',28311,42,'FST',136),
('137_ECO',9286,218,'ECO',137),
('137_BUS',14075,55,'BUS',137),
('137_FST',26025,37,'FST',137),
('138_ECO',6139,130,'ECO',138),
('138_BUS',15614,80,'BUS',138),
('138_FST',25287,27,'FST',138),
('139_ECO',6804,197,'ECO',139),
('139_BUS',11033,61,'BUS',139),
('139_FST',24988,34,'FST',139),
('140_ECO',5460,230,'ECO',140),
('140_BUS',13901,76,'BUS',140),
('140_FST',27887,47,'FST',140),
('141_ECO',7954,258,'ECO',141),
('141_BUS',19751,83,'BUS',141),
('141_FST',23131,32,'FST',141),
('142_ECO',6182,150,'ECO',142),
('142_BUS',14346,88,'BUS',142),
('142_FST',29165,25,'FST',142),
('143_ECO',7537,103,'ECO',143),
('143_BUS',17298,91,'BUS',143),
('143_FST',27390,46,'FST',143),
('144_ECO',7249,162,'ECO',144),
('144_BUS',11759,64,'BUS',144),
('144_FST',25057,46,'FST',144),
('145_ECO',7301,141,'ECO',145),
('145_BUS',17111,50,'BUS',145),
('145_FST',23182,46,'FST',145),
('146_ECO',6980,261,'ECO',146),
('146_BUS',15004,54,'BUS',146),
('146_FST',26596,32,'FST',146),
('147_ECO',9636,287,'ECO',147),
('147_BUS',13574,80,'BUS',147),
('147_FST',29025,31,'FST',147),
('148_ECO',7695,279,'ECO',148),
('148_BUS',17733,91,'BUS',148),
('148_FST',25044,40,'FST',148),
('149_ECO',7360,275,'ECO',149),
('149_BUS',17061,92,'BUS',149),
('149_FST',29788,24,'FST',149),
('150_ECO',7464,237,'ECO',150),
('150_BUS',18864,91,'BUS',150),
('150_FST',27192,37,'FST',150),
('151_ECO',9272,217,'ECO',151),
('151_BUS',15953,78,'BUS',151),
('151_FST',25749,45,'FST',151),
('152_ECO',5582,285,'ECO',152),
('152_BUS',12833,91,'BUS',152),
('152_FST',25646,21,'FST',152),
('153_ECO',5672,198,'ECO',153),
('153_BUS',12042,68,'BUS',153),
('153_FST',25273,38,'FST',153),
('154_ECO',8337,242,'ECO',154),
('154_BUS',15995,57,'BUS',154),
('154_FST',21902,38,'FST',154),
('155_ECO',8310,106,'ECO',155),
('155_BUS',12065,59,'BUS',155),
('155_FST',27715,25,'FST',155),
('156_ECO',5043,261,'ECO',156),
('156_BUS',18103,51,'BUS',156),
('156_FST',24030,44,'FST',156),
('157_ECO',6764,193,'ECO',157),
('157_BUS',17004,51,'BUS',157),
('157_FST',29665,29,'FST',157),
('158_ECO',6508,277,'ECO',158),
('158_BUS',13675,53,'BUS',158),
('158_FST',24094,39,'FST',158),
('159_ECO',9274,216,'ECO',159),
('159_BUS',13370,89,'BUS',159),
('159_FST',20006,25,'FST',159),
('160_ECO',9942,269,'ECO',160),
('160_BUS',18468,85,'BUS',160),
('160_FST',23644,45,'FST',160),
('161_ECO',7804,227,'ECO',161),
('161_BUS',17584,69,'BUS',161),
('161_FST',28447,38,'FST',161),
('162_ECO',8920,244,'ECO',162),
('162_BUS',12112,89,'BUS',162),
('162_FST',26083,41,'FST',162),
('163_ECO',6712,128,'ECO',163),
('163_BUS',12943,52,'BUS',163),
('163_FST',24259,28,'FST',163),
('164_ECO',5178,186,'ECO',164),
('164_BUS',10021,67,'BUS',164),
('164_FST',20073,24,'FST',164),
('165_ECO',7700,198,'ECO',165),
('165_BUS',19117,97,'BUS',165),
('165_FST',22101,40,'FST',165),
('166_ECO',9612,266,'ECO',166),
('166_BUS',13669,62,'BUS',166),
('166_FST',21580,39,'FST',166),
('167_ECO',5417,228,'ECO',167),
('167_BUS',15892,63,'BUS',167),
('167_FST',28349,37,'FST',167),
('168_ECO',8941,129,'ECO',168),
('168_BUS',19696,71,'BUS',168),
('168_FST',29937,33,'FST',168),
('169_ECO',9298,112,'ECO',169),
('169_BUS',15152,78,'BUS',169),
('169_FST',23232,43,'FST',169),
('170_ECO',9564,296,'ECO',170),
('170_BUS',15482,64,'BUS',170),
('170_FST',23574,21,'FST',170),
('171_ECO',9313,107,'ECO',171),
('171_BUS',17469,85,'BUS',171),
('171_FST',27309,23,'FST',171),
('172_ECO',8398,254,'ECO',172),
('172_BUS',15982,95,'BUS',172),
('172_FST',29629,20,'FST',172),
('173_ECO',8461,136,'ECO',173),
('173_BUS',15493,80,'BUS',173),
('173_FST',29989,34,'FST',173),
('174_ECO',5790,276,'ECO',174),
('174_BUS',14231,64,'BUS',174),
('174_FST',20320,25,'FST',174),
('175_ECO',9004,189,'ECO',175),
('175_BUS',17171,91,'BUS',175),
('175_FST',24742,40,'FST',175),
('176_ECO',8325,173,'ECO',176),
('176_BUS',19843,96,'BUS',176),
('176_FST',27372,50,'FST',176),
('177_ECO',9094,201,'ECO',177),
('177_BUS',16482,67,'BUS',177),
('177_FST',24984,46,'FST',177),
('178_ECO',8139,231,'ECO',178),
('178_BUS',17207,80,'BUS',178),
('178_FST',26185,36,'FST',178),
('179_ECO',5333,242,'ECO',179),
('179_BUS',18742,61,'BUS',179),
('179_FST',24200,36,'FST',179),
('180_ECO',5428,274,'ECO',180),
('180_BUS',18381,61,'BUS',180),
('180_FST',27142,46,'FST',180),
('181_ECO',5659,270,'ECO',181),
('181_BUS',15394,57,'BUS',181),
('181_FST',29752,27,'FST',181),
('182_ECO',9576,275,'ECO',182),
('182_BUS',15340,95,'BUS',182),
('182_FST',28771,21,'FST',182),
('183_ECO',7542,237,'ECO',183),
('183_BUS',10639,76,'BUS',183),
('183_FST',26072,47,'FST',183),
('184_ECO',7251,161,'ECO',184),
('184_BUS',16715,94,'BUS',184),
('184_FST',28724,25,'FST',184),
('185_ECO',6224,208,'ECO',185),
('185_BUS',19889,56,'BUS',185),
('185_FST',27604,46,'FST',185),
('186_ECO',8083,206,'ECO',186),
('186_BUS',12736,77,'BUS',186),
('186_FST',28186,26,'FST',186),
('187_ECO',6354,284,'ECO',187),
('187_BUS',19520,65,'BUS',187),
('187_FST',20414,28,'FST',187),
('188_ECO',7324,201,'ECO',188),
('188_BUS',19447,96,'BUS',188),
('188_FST',25089,45,'FST',188),
('189_ECO',7165,182,'ECO',189),
('189_BUS',16648,80,'BUS',189),
('189_FST',21151,36,'FST',189),
('190_ECO',9567,198,'ECO',190),
('190_BUS',15808,89,'BUS',190),
('190_FST',21753,25,'FST',190),
('191_ECO',5665,248,'ECO',191),
('191_BUS',13856,100,'BUS',191),
('191_FST',21886,39,'FST',191),
('192_ECO',7290,247,'ECO',192),
('192_BUS',11344,96,'BUS',192),
('192_FST',21439,43,'FST',192),
('193_ECO',6409,299,'ECO',193),
('193_BUS',15903,99,'BUS',193),
('193_FST',27349,46,'FST',193),
('194_ECO',5812,190,'ECO',194),
('194_BUS',10307,54,'BUS',194),
('194_FST',29047,37,'FST',194),
('195_ECO',9217,207,'ECO',195),
('195_BUS',18089,90,'BUS',195),
('195_FST',29834,39,'FST',195),
('196_ECO',9734,120,'ECO',196),
('196_BUS',17152,51,'BUS',196),
('196_FST',23802,48,'FST',196),
('197_ECO',9224,258,'ECO',197),
('197_BUS',13716,90,'BUS',197),
('197_FST',28858,38,'FST',197),
('198_ECO',7660,216,'ECO',198),
('198_BUS',19268,65,'BUS',198),
('198_FST',25735,40,'FST',198),
('199_ECO',6105,245,'ECO',199),
('199_BUS',19114,83,'BUS',199),
('199_FST',28598,33,'FST',199),
('200_ECO',9404,244,'ECO',200),
('200_BUS',15890,55,'BUS',200),
('200_FST',29210,50,'FST',200);

Set sql_safe_updates = 0;
update flights
set departure_time = date_add(departure_time,interval 2 month),
Arrival_Time = DATE_ADD(Arrival_Time, INTERVAL 2 MONTH);

Set sql_safe_updates = 1;