Class_Name,Price,Capacity,Class_Code,Flight_ID
1_ECO,7153,104,ECO,1
1_BUS,15679,81,BUS,1
1_FST,26149,47,FST,1
2_ECO,5300,285,ECO,2
2_BUS,17678,58,BUS,2
2_FST,29034,47,FST,2
3_ECO,7629,143,ECO,3
3_BUS,18703,100,BUS,3
3_FST,21011,49,FST,3
4_ECO,9464,262,ECO,4
4_BUS,12171,97,BUS,4
4_FST,23082,38,FST,4
5_ECO,5648,174,ECO,5
5_BUS,18408,59,BUS,5
5_FST,28924,24,FST,5
6_ECO,7683,260,ECO,6
6_BUS,13528,98,BUS,6
6_FST,29378,43,FST,6
7_ECO,5430,261,ECO,7
7_BUS,18368,61,BUS,7
7_FST,21228,24,FST,7
8_ECO,8789,109,ECO,8
8_BUS,18679,99,BUS,8
8_FST,21357,45,FST,8
9_ECO,5614,207,ECO,9
9_BUS,17100,94,BUS,9
9_FST,28828,48,FST,9
10_ECO,5880,178,ECO,10
10_BUS,14254,85,BUS,10
10_FST,24057,40,FST,10
11_ECO,6649,163,ECO,11
11_BUS,17949,78,BUS,11
11_FST,26657,44,FST,11
12_ECO,7609,259,ECO,12
12_BUS,19239,67,BUS,12
12_FST,21477,41,FST,12
13_ECO,8389,201,ECO,13
13_BUS,14986,71,BUS,13
13_FST,22319,20,FST,13
14_ECO,9740,256,ECO,14
14_BUS,17892,70,BUS,14
14_FST,22340,22,FST,14
15_ECO,6874,121,ECO,15
15_BUS,13085,73,BUS,15
15_FST,20442,37,FST,15
16_ECO,5430,256,ECO,16
16_BUS,14872,71,BUS,16
16_FST,21298,32,FST,16
17_ECO,6617,257,ECO,17
17_BUS,13745,59,BUS,17
17_FST,29728,32,FST,17
18_ECO,7673,285,ECO,18
18_BUS,10006,53,BUS,18
18_FST,21513,21,FST,18
19_ECO,7448,294,ECO,19
19_BUS,15368,63,BUS,19
19_FST,22439,25,FST,19
20_ECO,5185,263,ECO,20
20_BUS,10279,86,BUS,20
20_FST,24980,48,FST,20
21_ECO,8095,281,ECO,21
21_BUS,13346,60,BUS,21
21_FST,25350,27,FST,21
22_ECO,9135,108,ECO,22
22_BUS,14704,77,BUS,22
22_FST,21420,35,FST,22
23_ECO,7470,214,ECO,23
23_BUS,18862,91,BUS,23
23_FST,29160,47,FST,23
24_ECO,5690,139,ECO,24
24_BUS,13367,70,BUS,24
24_FST,28115,49,FST,24
25_ECO,5071,208,ECO,25
25_BUS,10717,83,BUS,25
25_FST,21919,21,FST,25
26_ECO,9991,199,ECO,26
26_BUS,12169,56,BUS,26
26_FST,21360,34,FST,26
27_ECO,6376,208,ECO,27
27_BUS,11397,63,BUS,27
27_FST,26162,31,FST,27
28_ECO,6781,235,ECO,28
28_BUS,16924,55,BUS,28
28_FST,27018,31,FST,28
29_ECO,9340,271,ECO,29
29_BUS,12745,93,BUS,29
29_FST,23008,36,FST,29
30_ECO,5679,283,ECO,30
30_BUS,16519,85,BUS,30
30_FST,22517,36,FST,30
31_ECO,9567,269,ECO,31
31_BUS,15074,85,BUS,31
31_FST,28654,27,FST,31
32_ECO,7617,154,ECO,32
32_BUS,12110,65,BUS,32
32_FST,29732,24,FST,32
33_ECO,9227,159,ECO,33
33_BUS,10190,99,BUS,33
33_FST,29650,36,FST,33
34_ECO,5365,108,ECO,34
34_BUS,17819,57,BUS,34
34_FST,26612,21,FST,34
35_ECO,5535,149,ECO,35
35_BUS,15621,54,BUS,35
35_FST,26301,22,FST,35
36_ECO,9923,219,ECO,36
36_BUS,14751,79,BUS,36
36_FST,21398,32,FST,36
37_ECO,8985,271,ECO,37
37_BUS,14400,72,BUS,37
37_FST,28198,20,FST,37
38_ECO,6908,175,ECO,38
38_BUS,13525,90,BUS,38
38_FST,25799,28,FST,38
39_ECO,6166,264,ECO,39
39_BUS,16520,89,BUS,39
39_FST,21194,47,FST,39
40_ECO,5454,168,ECO,40
40_BUS,16052,57,BUS,40
40_FST,29886,47,FST,40
41_ECO,6088,170,ECO,41
41_BUS,19103,85,BUS,41
41_FST,21311,38,FST,41
42_ECO,9752,106,ECO,42
42_BUS,14517,79,BUS,42
42_FST,22365,32,FST,42
43_ECO,6171,116,ECO,43
43_BUS,11324,62,BUS,43
43_FST,28025,41,FST,43
44_ECO,5211,279,ECO,44
44_BUS,10072,77,BUS,44
44_FST,20997,42,FST,44
45_ECO,9876,256,ECO,45
45_BUS,16382,58,BUS,45
45_FST,27872,48,FST,45
46_ECO,7141,264,ECO,46
46_BUS,19796,95,BUS,46
46_FST,28357,47,FST,46
47_ECO,9909,262,ECO,47
47_BUS,15297,70,BUS,47
47_FST,28360,46,FST,47
48_ECO,9912,148,ECO,48
48_BUS,17908,78,BUS,48
48_FST,20065,39,FST,48
49_ECO,5961,103,ECO,49
49_BUS,13949,70,BUS,49
49_FST,27538,24,FST,49
50_ECO,7988,103,ECO,50
50_BUS,15975,70,BUS,50
50_FST,24666,32,FST,50
51_ECO,6163,230,ECO,51
51_BUS,19274,84,BUS,51
51_FST,26175,25,FST,51
52_ECO,6339,267,ECO,52
52_BUS,17495,88,BUS,52
52_FST,24371,29,FST,52
53_ECO,5074,191,ECO,53
53_BUS,18058,52,BUS,53
53_FST,28934,48,FST,53
54_ECO,5480,216,ECO,54
54_BUS,10628,71,BUS,54
54_FST,26933,26,FST,54
55_ECO,9202,148,ECO,55
55_BUS,17974,53,BUS,55
55_FST,26494,45,FST,55
56_ECO,8192,230,ECO,56
56_BUS,12018,98,BUS,56
56_FST,28915,42,FST,56
57_ECO,8786,160,ECO,57
57_BUS,12514,88,BUS,57
57_FST,25462,26,FST,57
58_ECO,8049,192,ECO,58
58_BUS,16421,100,BUS,58
58_FST,25955,39,FST,58
59_ECO,8933,212,ECO,59
59_BUS,18501,51,BUS,59
59_FST,29699,35,FST,59
60_ECO,8970,253,ECO,60
60_BUS,17003,61,BUS,60
60_FST,22869,25,FST,60
61_ECO,8017,127,ECO,61
61_BUS,18345,74,BUS,61
61_FST,20932,29,FST,61
62_ECO,5476,266,ECO,62
62_BUS,11918,73,BUS,62
62_FST,24118,38,FST,62
63_ECO,8605,177,ECO,63
63_BUS,14501,81,BUS,63
63_FST,29113,48,FST,63
64_ECO,6858,251,ECO,64
64_BUS,11016,99,BUS,64
64_FST,29094,28,FST,64
65_ECO,5446,197,ECO,65
65_BUS,10810,90,BUS,65
65_FST,25295,50,FST,65
66_ECO,5479,155,ECO,66
66_BUS,10630,91,BUS,66
66_FST,26641,50,FST,66
67_ECO,9153,223,ECO,67
67_BUS,14131,62,BUS,67
67_FST,23978,45,FST,67
68_ECO,7976,228,ECO,68
68_BUS,14385,59,BUS,68
68_FST,28012,45,FST,68
69_ECO,6372,289,ECO,69
69_BUS,15684,83,BUS,69
69_FST,23174,27,FST,69
70_ECO,7621,231,ECO,70
70_BUS,12936,59,BUS,70
70_FST,28801,49,FST,70
71_ECO,9331,107,ECO,71
71_BUS,12282,68,BUS,71
71_FST,21110,41,FST,71
72_ECO,5109,198,ECO,72
72_BUS,11112,80,BUS,72
72_FST,22082,41,FST,72
73_ECO,9335,231,ECO,73
73_BUS,10878,98,BUS,73
73_FST,22748,46,FST,73
74_ECO,8203,277,ECO,74
74_BUS,11840,59,BUS,74
74_FST,29145,48,FST,74
75_ECO,7506,260,ECO,75
75_BUS,18864,74,BUS,75
75_FST,20815,20,FST,75
76_ECO,7350,107,ECO,76
76_BUS,14533,79,BUS,76
76_FST,26623,38,FST,76
77_ECO,6241,126,ECO,77
77_BUS,10170,98,BUS,77
77_FST,22955,37,FST,77
78_ECO,8363,219,ECO,78
78_BUS,17814,55,BUS,78
78_FST,29555,46,FST,78
79_ECO,5202,175,ECO,79
79_BUS,18550,62,BUS,79
79_FST,24618,46,FST,79
80_ECO,6967,182,ECO,80
80_BUS,12431,66,BUS,80
80_FST,24405,45,FST,80
81_ECO,7607,195,ECO,81
81_BUS,17846,73,BUS,81
81_FST,29217,42,FST,81
82_ECO,8271,268,ECO,82
82_BUS,17145,83,BUS,82
82_FST,22683,38,FST,82
83_ECO,8593,180,ECO,83
83_BUS,12000,58,BUS,83
83_FST,26813,35,FST,83
84_ECO,5647,165,ECO,84
84_BUS,17078,66,BUS,84
84_FST,22835,50,FST,84
85_ECO,8664,171,ECO,85
85_BUS,11374,90,BUS,85
85_FST,21718,38,FST,85
86_ECO,9011,197,ECO,86
86_BUS,11388,60,BUS,86
86_FST,23443,47,FST,86
87_ECO,5128,170,ECO,87
87_BUS,11149,91,BUS,87
87_FST,20025,37,FST,87
88_ECO,5435,297,ECO,88
88_BUS,17399,69,BUS,88
88_FST,20943,40,FST,88
89_ECO,9196,277,ECO,89
89_BUS,11137,54,BUS,89
89_FST,26832,50,FST,89
90_ECO,7360,258,ECO,90
90_BUS,13589,91,BUS,90
90_FST,22672,43,FST,90
91_ECO,7409,244,ECO,91
91_BUS,11939,80,BUS,91
91_FST,20831,44,FST,91
92_ECO,5497,156,ECO,92
92_BUS,11047,70,BUS,92
92_FST,29320,40,FST,92
93_ECO,6607,201,ECO,93
93_BUS,10610,51,BUS,93
93_FST,26263,38,FST,93
94_ECO,7604,245,ECO,94
94_BUS,10199,83,BUS,94
94_FST,28939,49,FST,94
95_ECO,7332,153,ECO,95
95_BUS,10174,65,BUS,95
95_FST,22124,27,FST,95
96_ECO,6637,224,ECO,96
96_BUS,11662,59,BUS,96
96_FST,23473,27,FST,96
97_ECO,6248,220,ECO,97
97_BUS,11365,94,BUS,97
97_FST,25815,36,FST,97
98_ECO,5569,143,ECO,98
98_BUS,18847,78,BUS,98
98_FST,27491,40,FST,98
99_ECO,6126,253,ECO,99
99_BUS,17219,93,BUS,99
99_FST,27826,25,FST,99
100_ECO,5828,151,ECO,100
100_BUS,18792,84,BUS,100
100_FST,22433,46,FST,100
101_ECO,9434,191,ECO,101
101_BUS,14254,59,BUS,101
101_FST,27830,34,FST,101
102_ECO,8000,284,ECO,102
102_BUS,14948,80,BUS,102
102_FST,27661,41,FST,102
103_ECO,7761,270,ECO,103
103_BUS,11772,91,BUS,103
103_FST,24757,36,FST,103
104_ECO,5056,132,ECO,104
104_BUS,12510,84,BUS,104
104_FST,24951,30,FST,104
105_ECO,9825,272,ECO,105
105_BUS,17729,65,BUS,105
105_FST,23905,21,FST,105
106_ECO,7720,163,ECO,106
106_BUS,10823,60,BUS,106
106_FST,25095,30,FST,106
107_ECO,8472,171,ECO,107
107_BUS,19291,63,BUS,107
107_FST,27030,44,FST,107
108_ECO,6629,227,ECO,108
108_BUS,18766,55,BUS,108
108_FST,26454,45,FST,108
109_ECO,7800,270,ECO,109
109_BUS,12234,79,BUS,109
109_FST,21834,20,FST,109
110_ECO,9836,243,ECO,110
110_BUS,11487,74,BUS,110
110_FST,25319,48,FST,110
111_ECO,9825,243,ECO,111
111_BUS,13872,93,BUS,111
111_FST,28695,30,FST,111
112_ECO,8820,279,ECO,112
112_BUS,10078,73,BUS,112
112_FST,21576,46,FST,112
113_ECO,9556,132,ECO,113
113_BUS,14819,74,BUS,113
113_FST,20321,33,FST,113
114_ECO,5176,264,ECO,114
114_BUS,11184,78,BUS,114
114_FST,24881,22,FST,114
115_ECO,7020,231,ECO,115
115_BUS,19493,91,BUS,115
115_FST,20108,37,FST,115
116_ECO,6760,273,ECO,116
116_BUS,19206,76,BUS,116
116_FST,28062,32,FST,116
117_ECO,5256,230,ECO,117
117_BUS,15110,52,BUS,117
117_FST,23144,50,FST,117
118_ECO,9134,138,ECO,118
118_BUS,11230,69,BUS,118
118_FST,21831,39,FST,118
119_ECO,7481,141,ECO,119
119_BUS,13616,56,BUS,119
119_FST,28921,20,FST,119
120_ECO,9780,115,ECO,120
120_BUS,18579,77,BUS,120
120_FST,22652,46,FST,120
121_ECO,7658,296,ECO,121
121_BUS,11134,66,BUS,121
121_FST,28876,40,FST,121
122_ECO,8682,107,ECO,122
122_BUS,15767,61,BUS,122
122_FST,29461,45,FST,122
123_ECO,9191,191,ECO,123
123_BUS,11539,91,BUS,123
123_FST,24936,43,FST,123
124_ECO,5287,276,ECO,124
124_BUS,19828,87,BUS,124
124_FST,23104,49,FST,124
125_ECO,9445,156,ECO,125
125_BUS,14944,97,BUS,125
125_FST,22476,33,FST,125
126_ECO,5506,185,ECO,126
126_BUS,17284,56,BUS,126
126_FST,23098,21,FST,126
127_ECO,7929,152,ECO,127
127_BUS,16257,63,BUS,127
127_FST,23756,44,FST,127
128_ECO,6711,189,ECO,128
128_BUS,12962,98,BUS,128
128_FST,25233,30,FST,128
129_ECO,7658,201,ECO,129
129_BUS,16750,81,BUS,129
129_FST,20833,24,FST,129
130_ECO,9757,161,ECO,130
130_BUS,12738,84,BUS,130
130_FST,22992,37,FST,130
131_ECO,6911,134,ECO,131
131_BUS,11412,57,BUS,131
131_FST,23595,35,FST,131
132_ECO,7550,124,ECO,132
132_BUS,15733,54,BUS,132
132_FST,28010,34,FST,132
133_ECO,7633,224,ECO,133
133_BUS,19929,68,BUS,133
133_FST,23524,23,FST,133
134_ECO,9803,249,ECO,134
134_BUS,12076,89,BUS,134
134_FST,22074,38,FST,134
135_ECO,9965,231,ECO,135
135_BUS,19409,56,BUS,135
135_FST,22660,20,FST,135
136_ECO,6244,122,ECO,136
136_BUS,19585,61,BUS,136
136_FST,26790,46,FST,136
137_ECO,6361,243,ECO,137
137_BUS,18626,56,BUS,137
137_FST,27840,43,FST,137
138_ECO,7682,100,ECO,138
138_BUS,10755,50,BUS,138
138_FST,28603,36,FST,138
139_ECO,9052,163,ECO,139
139_BUS,14273,92,BUS,139
139_FST,29915,26,FST,139
140_ECO,9412,146,ECO,140
140_BUS,13469,98,BUS,140
140_FST,21151,40,FST,140
141_ECO,5624,276,ECO,141
141_BUS,14792,88,BUS,141
141_FST,22989,47,FST,141
142_ECO,7852,163,ECO,142
142_BUS,13943,73,BUS,142
142_FST,28912,31,FST,142
143_ECO,6667,211,ECO,143
143_BUS,15075,52,BUS,143
143_FST,24094,22,FST,143
144_ECO,9058,107,ECO,144
144_BUS,18103,61,BUS,144
144_FST,29272,35,FST,144
145_ECO,6779,194,ECO,145
145_BUS,17633,56,BUS,145
145_FST,26231,28,FST,145
146_ECO,6209,255,ECO,146
146_BUS,17791,92,BUS,146
146_FST,23414,25,FST,146
147_ECO,5988,154,ECO,147
147_BUS,17115,77,BUS,147
147_FST,21212,48,FST,147
148_ECO,7698,237,ECO,148
148_BUS,13297,88,BUS,148
148_FST,20567,42,FST,148
149_ECO,9480,168,ECO,149
149_BUS,17357,76,BUS,149
149_FST,27962,49,FST,149
150_ECO,6191,158,ECO,150
150_BUS,14370,72,BUS,150
150_FST,26633,34,FST,150
151_ECO,6286,270,ECO,151
151_BUS,16862,73,BUS,151
151_FST,25225,21,FST,151
152_ECO,7473,127,ECO,152
152_BUS,16343,61,BUS,152
152_FST,27650,28,FST,152
153_ECO,7655,127,ECO,153
153_BUS,17795,89,BUS,153
153_FST,23078,24,FST,153
154_ECO,7926,288,ECO,154
154_BUS,16066,62,BUS,154
154_FST,26254,20,FST,154
155_ECO,6952,295,ECO,155
155_BUS,12793,87,BUS,155
155_FST,21478,39,FST,155
156_ECO,6306,147,ECO,156
156_BUS,16498,79,BUS,156
156_FST,28816,50,FST,156
157_ECO,9922,103,ECO,157
157_BUS,14693,89,BUS,157
157_FST,26044,38,FST,157
158_ECO,9956,164,ECO,158
158_BUS,19663,100,BUS,158
158_FST,27964,27,FST,158
159_ECO,5293,118,ECO,159
159_BUS,19250,57,BUS,159
159_FST,20497,24,FST,159
160_ECO,6812,232,ECO,160
160_BUS,11858,58,BUS,160
160_FST,21965,35,FST,160
161_ECO,9645,205,ECO,161
161_BUS,13808,97,BUS,161
161_FST,21134,35,FST,161
162_ECO,5039,255,ECO,162
162_BUS,13618,61,BUS,162
162_FST,23188,28,FST,162
163_ECO,7422,129,ECO,163
163_BUS,10833,70,BUS,163
163_FST,20592,27,FST,163
164_ECO,8659,285,ECO,164
164_BUS,11458,74,BUS,164
164_FST,28528,24,FST,164
165_ECO,5023,246,ECO,165
165_BUS,16902,68,BUS,165
165_FST,24502,49,FST,165
166_ECO,9560,267,ECO,166
166_BUS,12998,60,BUS,166
166_FST,24461,48,FST,166
167_ECO,7080,276,ECO,167
167_BUS,11243,53,BUS,167
167_FST,26717,29,FST,167
168_ECO,6385,234,ECO,168
168_BUS,18327,99,BUS,168
168_FST,25961,29,FST,168
169_ECO,8775,156,ECO,169
169_BUS,18563,98,BUS,169
169_FST,24281,41,FST,169
170_ECO,8395,174,ECO,170
170_BUS,14825,58,BUS,170
170_FST,20356,38,FST,170
171_ECO,7910,271,ECO,171
171_BUS,11011,85,BUS,171
171_FST,23509,41,FST,171
172_ECO,8375,119,ECO,172
172_BUS,16057,59,BUS,172
172_FST,24873,38,FST,172
173_ECO,5678,277,ECO,173
173_BUS,16723,92,BUS,173
173_FST,23736,25,FST,173
174_ECO,8709,277,ECO,174
174_BUS,15383,64,BUS,174
174_FST,26271,47,FST,174
175_ECO,7189,259,ECO,175
175_BUS,14873,77,BUS,175
175_FST,21747,25,FST,175
176_ECO,6430,231,ECO,176
176_BUS,18827,61,BUS,176
176_FST,24916,43,FST,176
177_ECO,8118,283,ECO,177
177_BUS,10259,63,BUS,177
177_FST,28896,24,FST,177
178_ECO,9389,143,ECO,178
178_BUS,13281,79,BUS,178
178_FST,20426,36,FST,178
179_ECO,9362,205,ECO,179
179_BUS,11773,80,BUS,179
179_FST,21214,28,FST,179
180_ECO,7765,283,ECO,180
180_BUS,16641,93,BUS,180
180_FST,22033,26,FST,180
181_ECO,8234,152,ECO,181
181_BUS,17320,77,BUS,181
181_FST,26505,30,FST,181
182_ECO,7215,263,ECO,182
182_BUS,17036,67,BUS,182
182_FST,25694,28,FST,182
183_ECO,9822,284,ECO,183
183_BUS,12191,65,BUS,183
183_FST,23488,48,FST,183
184_ECO,6765,297,ECO,184
184_BUS,11422,81,BUS,184
184_FST,27592,49,FST,184
185_ECO,9507,188,ECO,185
185_BUS,14933,76,BUS,185
185_FST,28234,43,FST,185
186_ECO,9356,148,ECO,186
186_BUS,19994,81,BUS,186
186_FST,22847,32,FST,186
187_ECO,8781,155,ECO,187
187_BUS,14632,91,BUS,187
187_FST,20390,49,FST,187
188_ECO,9912,134,ECO,188
188_BUS,15374,80,BUS,188
188_FST,23571,40,FST,188
189_ECO,9497,164,ECO,189
189_BUS,18903,93,BUS,189
189_FST,24431,33,FST,189
190_ECO,5195,111,ECO,190
190_BUS,10683,61,BUS,190
190_FST,20561,30,FST,190
191_ECO,8087,246,ECO,191
191_BUS,19096,57,BUS,191
191_FST,25138,48,FST,191
192_ECO,8740,183,ECO,192
192_BUS,19954,83,BUS,192
192_FST,28965,26,FST,192
193_ECO,8978,186,ECO,193
193_BUS,10382,88,BUS,193
193_FST,29885,21,FST,193
194_ECO,6911,112,ECO,194
194_BUS,11039,76,BUS,194
194_FST,21485,38,FST,194
195_ECO,5441,288,ECO,195
195_BUS,10476,56,BUS,195
195_FST,27529,20,FST,195
196_ECO,9534,233,ECO,196
196_BUS,16217,50,BUS,196
196_FST,24136,34,FST,196
197_ECO,6353,185,ECO,197
197_BUS,10988,100,BUS,197
197_FST,28381,28,FST,197
198_ECO,8813,269,ECO,198
198_BUS,11430,90,BUS,198
198_FST,20465,45,FST,198
199_ECO,7218,194,ECO,199
199_BUS,14931,66,BUS,199
199_FST,23191,44,FST,199
200_ECO,8142,105,ECO,200
200_BUS,13746,67,BUS,200
200_FST,24873,37,FST,200
201_ECO,9082,131,ECO,201
201_BUS,16738,52,BUS,201
201_FST,20868,42,FST,201
202_ECO,7422,135,ECO,202
202_BUS,13598,97,BUS,202
202_FST,29859,27,FST,202
203_ECO,9251,116,ECO,203
203_BUS,11381,64,BUS,203
203_FST,29904,26,FST,203
204_ECO,9529,211,ECO,204
204_BUS,12869,93,BUS,204
204_FST,23221,31,FST,204
205_ECO,8487,147,ECO,205
205_BUS,16967,77,BUS,205
205_FST,26129,47,FST,205
206_ECO,9265,274,ECO,206
206_BUS,16597,72,BUS,206
206_FST,20471,49,FST,206
207_ECO,5253,281,ECO,207
207_BUS,17861,63,BUS,207
207_FST,29058,29,FST,207
208_ECO,9513,211,ECO,208
208_BUS,19163,62,BUS,208
208_FST,22541,47,FST,208
209_ECO,9770,300,ECO,209
209_BUS,19445,97,BUS,209
209_FST,20649,32,FST,209
210_ECO,9462,159,ECO,210
210_BUS,17700,68,BUS,210
210_FST,28288,30,FST,210
211_ECO,8359,124,ECO,211
211_BUS,12724,66,BUS,211
211_FST,26063,31,FST,211
212_ECO,5396,211,ECO,212
212_BUS,13489,75,BUS,212
212_FST,28472,48,FST,212
213_ECO,8181,262,ECO,213
213_BUS,12401,80,BUS,213
213_FST,23717,33,FST,213
214_ECO,5924,244,ECO,214
214_BUS,17779,63,BUS,214
214_FST,24396,35,FST,214
215_ECO,9113,264,ECO,215
215_BUS,16254,62,BUS,215
215_FST,20587,38,FST,215
216_ECO,7306,267,ECO,216
216_BUS,16283,89,BUS,216
216_FST,24260,43,FST,216
217_ECO,7829,200,ECO,217
217_BUS,13968,85,BUS,217
217_FST,27277,34,FST,217
218_ECO,9261,169,ECO,218
218_BUS,11173,54,BUS,218
218_FST,24641,30,FST,218
219_ECO,5119,108,ECO,219
219_BUS,18672,78,BUS,219
219_FST,21065,33,FST,219
220_ECO,8178,155,ECO,220
220_BUS,16667,51,BUS,220
220_FST,21928,21,FST,220
221_ECO,7822,173,ECO,221
221_BUS,12374,54,BUS,221
221_FST,27200,26,FST,221
222_ECO,7335,256,ECO,222
222_BUS,13403,54,BUS,222
222_FST,24539,47,FST,222
223_ECO,6471,123,ECO,223
223_BUS,17970,70,BUS,223
223_FST,26188,44,FST,223
224_ECO,9150,121,ECO,224
224_BUS,12508,62,BUS,224
224_FST,22869,50,FST,224
225_ECO,9882,251,ECO,225
225_BUS,19348,52,BUS,225
225_FST,22551,41,FST,225
226_ECO,8442,163,ECO,226
226_BUS,10815,75,BUS,226
226_FST,29007,35,FST,226
227_ECO,6319,173,ECO,227
227_BUS,17112,72,BUS,227
227_FST,28244,21,FST,227
228_ECO,6661,134,ECO,228
228_BUS,15979,94,BUS,228
228_FST,24685,21,FST,228
229_ECO,7376,291,ECO,229
229_BUS,18653,66,BUS,229
229_FST,29245,43,FST,229
230_ECO,7915,105,ECO,230
230_BUS,15587,71,BUS,230
230_FST,25404,34,FST,230
231_ECO,5842,233,ECO,231
231_BUS,10306,97,BUS,231
231_FST,28540,46,FST,231
232_ECO,6138,157,ECO,232
232_BUS,14346,98,BUS,232
232_FST,24873,50,FST,232
233_ECO,7757,274,ECO,233
233_BUS,18090,76,BUS,233
233_FST,27196,30,FST,233
234_ECO,5632,124,ECO,234
234_BUS,14725,93,BUS,234
234_FST,21213,30,FST,234
235_ECO,7412,151,ECO,235
235_BUS,17128,92,BUS,235
235_FST,28721,26,FST,235
236_ECO,6637,273,ECO,236
236_BUS,13190,68,BUS,236
236_FST,27178,40,FST,236
237_ECO,6212,165,ECO,237
237_BUS,15265,57,BUS,237
237_FST,22361,33,FST,237
238_ECO,6246,143,ECO,238
238_BUS,10569,54,BUS,238
238_FST,21499,48,FST,238
239_ECO,6423,185,ECO,239
239_BUS,16756,63,BUS,239
239_FST,22007,21,FST,239
240_ECO,6891,291,ECO,240
240_BUS,14713,53,BUS,240
240_FST,24055,41,FST,240
241_ECO,7663,159,ECO,241
241_BUS,19794,53,BUS,241
241_FST,28536,40,FST,241
242_ECO,7561,106,ECO,242
242_BUS,16770,68,BUS,242
242_FST,25436,25,FST,242
243_ECO,6788,119,ECO,243
243_BUS,11974,58,BUS,243
243_FST,22542,46,FST,243
244_ECO,9096,183,ECO,244
244_BUS,13861,83,BUS,244
244_FST,24846,32,FST,244
245_ECO,6588,119,ECO,245
245_BUS,17719,53,BUS,245
245_FST,29511,40,FST,245
246_ECO,6633,149,ECO,246
246_BUS,17352,79,BUS,246
246_FST,29954,48,FST,246
247_ECO,7083,160,ECO,247
247_BUS,17859,88,BUS,247
247_FST,23258,49,FST,247
248_ECO,5069,184,ECO,248
248_BUS,19235,96,BUS,248
248_FST,27140,47,FST,248
249_ECO,6405,151,ECO,249
249_BUS,17871,54,BUS,249
249_FST,30000,34,FST,249
250_ECO,6726,268,ECO,250
250_BUS,12448,81,BUS,250
250_FST,27885,21,FST,250
251_ECO,9048,149,ECO,251
251_BUS,17377,87,BUS,251
251_FST,28495,31,FST,251
252_ECO,5572,241,ECO,252
252_BUS,14288,93,BUS,252
252_FST,26267,34,FST,252
253_ECO,8755,161,ECO,253
253_BUS,17816,58,BUS,253
253_FST,25086,29,FST,253
254_ECO,9413,233,ECO,254
254_BUS,13624,76,BUS,254
254_FST,27244,38,FST,254
255_ECO,7170,292,ECO,255
255_BUS,15506,50,BUS,255
255_FST,23094,36,FST,255
256_ECO,6397,228,ECO,256
256_BUS,17441,61,BUS,256
256_FST,25437,20,FST,256
257_ECO,5056,153,ECO,257
257_BUS,16468,53,BUS,257
257_FST,27222,43,FST,257
258_ECO,5513,275,ECO,258
258_BUS,16536,78,BUS,258
258_FST,24538,43,FST,258
259_ECO,5988,224,ECO,259
259_BUS,14875,68,BUS,259
259_FST,20678,36,FST,259
260_ECO,5048,120,ECO,260
260_BUS,11858,76,BUS,260
260_FST,27062,40,FST,260
261_ECO,9070,105,ECO,261
261_BUS,18696,100,BUS,261
261_FST,26549,41,FST,261
262_ECO,8633,121,ECO,262
262_BUS,19649,66,BUS,262
262_FST,24963,47,FST,262
263_ECO,6443,155,ECO,263
263_BUS,16907,78,BUS,263
263_FST,25794,43,FST,263
264_ECO,7635,297,ECO,264
264_BUS,11727,73,BUS,264
264_FST,29115,40,FST,264
265_ECO,7354,102,ECO,265
265_BUS,14974,66,BUS,265
265_FST,24073,35,FST,265
266_ECO,5719,179,ECO,266
266_BUS,17228,74,BUS,266
266_FST,20258,47,FST,266
267_ECO,6235,202,ECO,267
267_BUS,12827,69,BUS,267
267_FST,26729,45,FST,267
268_ECO,8364,162,ECO,268
268_BUS,17812,72,BUS,268
268_FST,23494,37,FST,268
269_ECO,8936,202,ECO,269
269_BUS,12256,53,BUS,269
269_FST,28984,44,FST,269
270_ECO,8664,274,ECO,270
270_BUS,16016,52,BUS,270
270_FST,22117,28,FST,270
271_ECO,8355,269,ECO,271
271_BUS,11452,77,BUS,271
271_FST,20248,37,FST,271
272_ECO,5760,247,ECO,272
272_BUS,13150,70,BUS,272
272_FST,29058,48,FST,272
273_ECO,5183,273,ECO,273
273_BUS,11107,73,BUS,273
273_FST,24958,39,FST,273
274_ECO,8081,118,ECO,274
274_BUS,14807,62,BUS,274
274_FST,22512,33,FST,274
275_ECO,5961,299,ECO,275
275_BUS,19710,99,BUS,275
275_FST,29844,29,FST,275
276_ECO,9413,157,ECO,276
276_BUS,16789,99,BUS,276
276_FST,23779,34,FST,276
277_ECO,9483,212,ECO,277
277_BUS,18832,71,BUS,277
277_FST,28056,42,FST,277
278_ECO,7088,175,ECO,278
278_BUS,13996,83,BUS,278
278_FST,24570,47,FST,278
279_ECO,9042,244,ECO,279
279_BUS,15820,89,BUS,279
279_FST,27286,23,FST,279
280_ECO,9434,102,ECO,280
280_BUS,13593,72,BUS,280
280_FST,21642,38,FST,280
281_ECO,7685,140,ECO,281
281_BUS,16800,52,BUS,281
281_FST,26375,43,FST,281
282_ECO,7341,121,ECO,282
282_BUS,12786,53,BUS,282
282_FST,23403,42,FST,282
283_ECO,6434,245,ECO,283
283_BUS,17995,99,BUS,283
283_FST,22952,28,FST,283
284_ECO,9213,275,ECO,284
284_BUS,12132,60,BUS,284
284_FST,23144,47,FST,284
285_ECO,9670,223,ECO,285
285_BUS,16251,89,BUS,285
285_FST,25496,38,FST,285
286_ECO,9273,265,ECO,286
286_BUS,13628,59,BUS,286
286_FST,26613,43,FST,286
287_ECO,8292,254,ECO,287
287_BUS,17206,78,BUS,287
287_FST,21261,46,FST,287
288_ECO,9753,296,ECO,288
288_BUS,16611,84,BUS,288
288_FST,23430,26,FST,288
289_ECO,6155,263,ECO,289
289_BUS,16712,57,BUS,289
289_FST,27109,43,FST,289
290_ECO,5557,128,ECO,290
290_BUS,18867,97,BUS,290
290_FST,24500,25,FST,290
291_ECO,6587,246,ECO,291
291_BUS,16342,67,BUS,291
291_FST,21556,49,FST,291
292_ECO,6062,162,ECO,292
292_BUS,14473,91,BUS,292
292_FST,20927,32,FST,292
293_ECO,7614,290,ECO,293
293_BUS,14403,56,BUS,293
293_FST,23531,30,FST,293
294_ECO,8009,225,ECO,294
294_BUS,10667,84,BUS,294
294_FST,24720,25,FST,294
295_ECO,8380,118,ECO,295
295_BUS,13833,77,BUS,295
295_FST,27013,42,FST,295
296_ECO,9242,247,ECO,296
296_BUS,15071,95,BUS,296
296_FST,24551,38,FST,296
297_ECO,5191,217,ECO,297
297_BUS,12028,62,BUS,297
297_FST,28780,32,FST,297
298_ECO,6100,297,ECO,298
298_BUS,11245,51,BUS,298
298_FST,21278,30,FST,298
299_ECO,7419,230,ECO,299
299_BUS,13996,89,BUS,299
299_FST,24499,34,FST,299
300_ECO,5267,298,ECO,300
300_BUS,18694,94,BUS,300
300_FST,24177,20,FST,300
301_ECO,9375,298,ECO,301
301_BUS,16295,72,BUS,301
301_FST,23469,46,FST,301
302_ECO,6272,285,ECO,302
302_BUS,19434,88,BUS,302
302_FST,25182,34,FST,302
303_ECO,6383,249,ECO,303
303_BUS,18995,67,BUS,303
303_FST,23817,49,FST,303
304_ECO,8836,288,ECO,304
304_BUS,17295,59,BUS,304
304_FST,27021,44,FST,304
305_ECO,9757,298,ECO,305
305_BUS,17408,61,BUS,305
305_FST,22936,26,FST,305
306_ECO,9881,295,ECO,306
306_BUS,11004,89,BUS,306
306_FST,21249,49,FST,306
307_ECO,8425,255,ECO,307
307_BUS,11568,57,BUS,307
307_FST,24701,48,FST,307
308_ECO,8986,290,ECO,308
308_BUS,19391,86,BUS,308
308_FST,24613,48,FST,308
309_ECO,8067,227,ECO,309
309_BUS,19489,73,BUS,309
309_FST,25770,31,FST,309
310_ECO,8463,262,ECO,310
310_BUS,10136,79,BUS,310
310_FST,24427,43,FST,310
311_ECO,8223,214,ECO,311
311_BUS,14453,84,BUS,311
311_FST,28397,25,FST,311
312_ECO,8656,211,ECO,312
312_BUS,14587,67,BUS,312
312_FST,24430,30,FST,312
313_ECO,9332,213,ECO,313
313_BUS,12832,100,BUS,313
313_FST,21695,23,FST,313
314_ECO,7082,132,ECO,314
314_BUS,19648,72,BUS,314
314_FST,20433,40,FST,314
315_ECO,7853,234,ECO,315
315_BUS,12016,96,BUS,315
315_FST,25469,44,FST,315
316_ECO,6717,156,ECO,316
316_BUS,16739,60,BUS,316
316_FST,27771,45,FST,316
317_ECO,5634,124,ECO,317
317_BUS,14372,58,BUS,317
317_FST,29817,22,FST,317
318_ECO,8311,125,ECO,318
318_BUS,19791,65,BUS,318
318_FST,22036,36,FST,318
319_ECO,8345,153,ECO,319
319_BUS,17301,59,BUS,319
319_FST,24861,45,FST,319
320_ECO,9503,253,ECO,320
320_BUS,14872,97,BUS,320
320_FST,21569,32,FST,320
321_ECO,9896,184,ECO,321
321_BUS,11256,52,BUS,321
321_FST,21418,39,FST,321
322_ECO,6830,240,ECO,322
322_BUS,16076,88,BUS,322
322_FST,28028,43,FST,322
323_ECO,8421,195,ECO,323
323_BUS,14132,50,BUS,323
323_FST,20922,24,FST,323
324_ECO,5607,230,ECO,324
324_BUS,19738,82,BUS,324
324_FST,22583,21,FST,324
325_ECO,8143,275,ECO,325
325_BUS,13428,73,BUS,325
325_FST,25287,24,FST,325
326_ECO,6215,273,ECO,326
326_BUS,12032,65,BUS,326
326_FST,20347,40,FST,326
327_ECO,7523,124,ECO,327
327_BUS,15788,61,BUS,327
327_FST,23256,47,FST,327
328_ECO,5392,143,ECO,328
328_BUS,18917,60,BUS,328
328_FST,21800,50,FST,328
329_ECO,5884,278,ECO,329
329_BUS,19266,78,BUS,329
329_FST,22743,26,FST,329
330_ECO,8390,188,ECO,330
330_BUS,15257,61,BUS,330
330_FST,27078,24,FST,330
331_ECO,8090,280,ECO,331
331_BUS,13570,64,BUS,331
331_FST,22643,20,FST,331
332_ECO,7892,252,ECO,332
332_BUS,14389,73,BUS,332
332_FST,25191,48,FST,332
333_ECO,6917,142,ECO,333
333_BUS,13073,83,BUS,333
333_FST,22980,22,FST,333
334_ECO,5654,203,ECO,334
334_BUS,18750,92,BUS,334
334_FST,24607,50,FST,334
335_ECO,9946,300,ECO,335
335_BUS,11772,64,BUS,335
335_FST,23483,41,FST,335
336_ECO,9813,220,ECO,336
336_BUS,10176,69,BUS,336
336_FST,20693,21,FST,336
337_ECO,7272,278,ECO,337
337_BUS,10464,63,BUS,337
337_FST,23868,39,FST,337
338_ECO,5674,156,ECO,338
338_BUS,12043,56,BUS,338
338_FST,21217,47,FST,338
339_ECO,8912,159,ECO,339
339_BUS,15332,96,BUS,339
339_FST,27753,32,FST,339
340_ECO,8923,148,ECO,340
340_BUS,13499,96,BUS,340
340_FST,27039,27,FST,340
341_ECO,8713,189,ECO,341
341_BUS,19801,64,BUS,341
341_FST,24043,46,FST,341
342_ECO,7369,185,ECO,342
342_BUS,19897,53,BUS,342
342_FST,23641,28,FST,342
343_ECO,8390,298,ECO,343
343_BUS,14638,88,BUS,343
343_FST,24592,37,FST,343
344_ECO,5831,277,ECO,344
344_BUS,10502,97,BUS,344
344_FST,21435,40,FST,344
345_ECO,8906,201,ECO,345
345_BUS,11262,54,BUS,345
345_FST,21345,25,FST,345
346_ECO,6878,178,ECO,346
346_BUS,15951,97,BUS,346
346_FST,29017,30,FST,346
347_ECO,8365,128,ECO,347
347_BUS,17257,66,BUS,347
347_FST,22591,20,FST,347
348_ECO,7423,281,ECO,348
348_BUS,14680,88,BUS,348
348_FST,21027,21,FST,348
349_ECO,6763,147,ECO,349
349_BUS,18740,88,BUS,349
349_FST,20274,41,FST,349
350_ECO,9644,298,ECO,350
350_BUS,17471,95,BUS,350
350_FST,26699,22,FST,350
351_ECO,6427,257,ECO,351
351_BUS,12753,51,BUS,351
351_FST,29872,23,FST,351
352_ECO,7008,293,ECO,352
352_BUS,18361,76,BUS,352
352_FST,22840,22,FST,352
353_ECO,8933,131,ECO,353
353_BUS,13411,85,BUS,353
353_FST,24200,46,FST,353
354_ECO,7379,271,ECO,354
354_BUS,13950,91,BUS,354
354_FST,25701,24,FST,354
355_ECO,6743,121,ECO,355
355_BUS,18006,77,BUS,355
355_FST,22911,32,FST,355
356_ECO,5020,140,ECO,356
356_BUS,14512,66,BUS,356
356_FST,25117,43,FST,356
357_ECO,9395,189,ECO,357
357_BUS,14235,93,BUS,357
357_FST,29090,30,FST,357
358_ECO,9010,182,ECO,358
358_BUS,19143,86,BUS,358
358_FST,29230,44,FST,358
359_ECO,6631,255,ECO,359
359_BUS,16776,60,BUS,359
359_FST,21750,38,FST,359
360_ECO,6991,181,ECO,360
360_BUS,11100,89,BUS,360
360_FST,24765,50,FST,360
361_ECO,6809,164,ECO,361
361_BUS,19633,95,BUS,361
361_FST,27456,27,FST,361
362_ECO,7953,125,ECO,362
362_BUS,10199,97,BUS,362
362_FST,22624,37,FST,362
363_ECO,7046,206,ECO,363
363_BUS,10482,67,BUS,363
363_FST,25945,40,FST,363
364_ECO,6776,228,ECO,364
364_BUS,15916,64,BUS,364
364_FST,25782,41,FST,364
365_ECO,7655,202,ECO,365
365_BUS,18684,95,BUS,365
365_FST,29281,33,FST,365
366_ECO,9681,231,ECO,366
366_BUS,18963,66,BUS,366
366_FST,24596,36,FST,366
367_ECO,5519,147,ECO,367
367_BUS,17220,86,BUS,367
367_FST,27960,46,FST,367
368_ECO,8830,130,ECO,368
368_BUS,16832,94,BUS,368
368_FST,28749,45,FST,368
369_ECO,9108,265,ECO,369
369_BUS,18016,78,BUS,369
369_FST,26403,28,FST,369
370_ECO,9823,107,ECO,370
370_BUS,14797,72,BUS,370
370_FST,29152,34,FST,370
371_ECO,5201,129,ECO,371
371_BUS,19918,75,BUS,371
371_FST,26861,47,FST,371
372_ECO,8013,198,ECO,372
372_BUS,12359,68,BUS,372
372_FST,27259,36,FST,372
373_ECO,6852,258,ECO,373
373_BUS,15933,95,BUS,373
373_FST,28702,49,FST,373
374_ECO,6464,153,ECO,374
374_BUS,11002,70,BUS,374
374_FST,27624,41,FST,374
375_ECO,8546,199,ECO,375
375_BUS,16780,78,BUS,375
375_FST,29674,24,FST,375
376_ECO,9558,168,ECO,376
376_BUS,13075,93,BUS,376
376_FST,22096,50,FST,376
377_ECO,8681,285,ECO,377
377_BUS,13900,70,BUS,377
377_FST,25104,20,FST,377
378_ECO,5847,100,ECO,378
378_BUS,16971,83,BUS,378
378_FST,26268,26,FST,378
379_ECO,7353,188,ECO,379
379_BUS,13872,99,BUS,379
379_FST,26451,29,FST,379
380_ECO,9078,123,ECO,380
380_BUS,16797,85,BUS,380
380_FST,26179,26,FST,380
381_ECO,9248,209,ECO,381
381_BUS,10172,70,BUS,381
381_FST,29287,44,FST,381
382_ECO,9992,217,ECO,382
382_BUS,19594,63,BUS,382
382_FST,21612,49,FST,382
383_ECO,5740,238,ECO,383
383_BUS,16436,90,BUS,383
383_FST,27090,29,FST,383
384_ECO,9975,170,ECO,384
384_BUS,18491,62,BUS,384
384_FST,27041,44,FST,384
385_ECO,7362,197,ECO,385
385_BUS,10186,66,BUS,385
385_FST,20600,28,FST,385
386_ECO,9761,252,ECO,386
386_BUS,18562,50,BUS,386
386_FST,28634,40,FST,386
387_ECO,8107,113,ECO,387
387_BUS,12889,85,BUS,387
387_FST,22395,46,FST,387
388_ECO,5742,160,ECO,388
388_BUS,12973,61,BUS,388
388_FST,29693,49,FST,388
389_ECO,5672,147,ECO,389
389_BUS,19842,54,BUS,389
389_FST,24541,41,FST,389
390_ECO,5910,250,ECO,390
390_BUS,18962,80,BUS,390
390_FST,25296,44,FST,390
391_ECO,9422,162,ECO,391
391_BUS,17983,50,BUS,391
391_FST,24605,30,FST,391
392_ECO,9133,268,ECO,392
392_BUS,13923,57,BUS,392
392_FST,26270,34,FST,392
393_ECO,7259,208,ECO,393
393_BUS,19629,71,BUS,393
393_FST,27015,43,FST,393
394_ECO,9560,282,ECO,394
394_BUS,12704,73,BUS,394
394_FST,29055,23,FST,394
395_ECO,9933,293,ECO,395
395_BUS,16291,59,BUS,395
395_FST,26807,44,FST,395
396_ECO,8350,298,ECO,396
396_BUS,14406,100,BUS,396
396_FST,20102,38,FST,396
397_ECO,9841,122,ECO,397
397_BUS,16742,90,BUS,397
397_FST,25669,34,FST,397
398_ECO,7796,293,ECO,398
398_BUS,11056,90,BUS,398
398_FST,25366,37,FST,398
399_ECO,7356,285,ECO,399
399_BUS,16673,61,BUS,399
399_FST,28174,20,FST,399
400_ECO,9099,282,ECO,400
400_BUS,15052,69,BUS,400
400_FST,24759,41,FST,400
401_ECO,9099,143,ECO,401
401_BUS,15145,79,BUS,401
401_FST,20723,32,FST,401
402_ECO,9979,112,ECO,402
402_BUS,11543,71,BUS,402
402_FST,26583,24,FST,402
403_ECO,6429,229,ECO,403
403_BUS,12120,58,BUS,403
403_FST,25309,49,FST,403
404_ECO,7219,276,ECO,404
404_BUS,10977,70,BUS,404
404_FST,23517,32,FST,404
405_ECO,9930,240,ECO,405
405_BUS,13455,90,BUS,405
405_FST,28782,27,FST,405
406_ECO,7675,116,ECO,406
406_BUS,18388,62,BUS,406
406_FST,23663,27,FST,406
407_ECO,7685,149,ECO,407
407_BUS,15040,65,BUS,407
407_FST,20766,35,FST,407
408_ECO,6901,251,ECO,408
408_BUS,16840,87,BUS,408
408_FST,28062,45,FST,408
409_ECO,6656,178,ECO,409
409_BUS,10964,74,BUS,409
409_FST,20498,28,FST,409
410_ECO,5280,152,ECO,410
410_BUS,16915,51,BUS,410
410_FST,24810,23,FST,410
411_ECO,9049,127,ECO,411
411_BUS,16677,98,BUS,411
411_FST,24001,36,FST,411
412_ECO,7855,292,ECO,412
412_BUS,18173,87,BUS,412
412_FST,22166,41,FST,412
413_ECO,6083,204,ECO,413
413_BUS,12431,76,BUS,413
413_FST,26652,47,FST,413
414_ECO,6138,181,ECO,414
414_BUS,18892,59,BUS,414
414_FST,27360,22,FST,414
415_ECO,8881,289,ECO,415
415_BUS,14786,58,BUS,415
415_FST,22837,38,FST,415
416_ECO,5209,238,ECO,416
416_BUS,12115,68,BUS,416
416_FST,29387,37,FST,416
417_ECO,9532,215,ECO,417
417_BUS,19381,52,BUS,417
417_FST,22322,50,FST,417
418_ECO,8119,163,ECO,418
418_BUS,18233,92,BUS,418
418_FST,27615,25,FST,418
419_ECO,9976,195,ECO,419
419_BUS,12642,72,BUS,419
419_FST,20251,35,FST,419
420_ECO,9009,297,ECO,420
420_BUS,18964,97,BUS,420
420_FST,28929,47,FST,420
421_ECO,6738,277,ECO,421
421_BUS,18814,85,BUS,421
421_FST,23715,38,FST,421
422_ECO,8203,173,ECO,422
422_BUS,11783,55,BUS,422
422_FST,24346,21,FST,422
423_ECO,6321,180,ECO,423
423_BUS,15780,58,BUS,423
423_FST,23327,40,FST,423
424_ECO,6468,258,ECO,424
424_BUS,17063,69,BUS,424
424_FST,27791,34,FST,424
425_ECO,7129,114,ECO,425
425_BUS,11743,96,BUS,425
425_FST,24253,28,FST,425
426_ECO,5078,261,ECO,426
426_BUS,18314,52,BUS,426
426_FST,28125,20,FST,426
427_ECO,6675,122,ECO,427
427_BUS,14610,62,BUS,427
427_FST,25415,20,FST,427
428_ECO,9695,203,ECO,428
428_BUS,16130,80,BUS,428
428_FST,28301,40,FST,428
429_ECO,7089,209,ECO,429
429_BUS,14847,81,BUS,429
429_FST,21889,24,FST,429
430_ECO,9254,231,ECO,430
430_BUS,16147,53,BUS,430
430_FST,28573,49,FST,430
431_ECO,5568,252,ECO,431
431_BUS,14035,59,BUS,431
431_FST,29743,27,FST,431
432_ECO,9727,278,ECO,432
432_BUS,18758,65,BUS,432
432_FST,25939,34,FST,432
433_ECO,7710,263,ECO,433
433_BUS,14558,58,BUS,433
433_FST,28785,43,FST,433
434_ECO,5069,232,ECO,434
434_BUS,19907,71,BUS,434
434_FST,24820,47,FST,434
435_ECO,9248,229,ECO,435
435_BUS,10888,90,BUS,435
435_FST,27432,43,FST,435
436_ECO,8710,236,ECO,436
436_BUS,12349,78,BUS,436
436_FST,25411,31,FST,436
437_ECO,5848,156,ECO,437
437_BUS,18999,84,BUS,437
437_FST,22312,32,FST,437
438_ECO,5455,184,ECO,438
438_BUS,10892,67,BUS,438
438_FST,27768,50,FST,438
439_ECO,7581,278,ECO,439
439_BUS,15553,59,BUS,439
439_FST,21694,20,FST,439
440_ECO,9807,120,ECO,440
440_BUS,16856,99,BUS,440
440_FST,27872,41,FST,440
441_ECO,5005,272,ECO,441
441_BUS,11189,69,BUS,441
441_FST,23457,31,FST,441
442_ECO,8014,166,ECO,442
442_BUS,12871,72,BUS,442
442_FST,22434,25,FST,442
443_ECO,5797,105,ECO,443
443_BUS,12474,81,BUS,443
443_FST,20361,30,FST,443
444_ECO,8334,133,ECO,444
444_BUS,16269,65,BUS,444
444_FST,22173,38,FST,444
445_ECO,7702,298,ECO,445
445_BUS,12169,59,BUS,445
445_FST,23763,38,FST,445
446_ECO,8593,278,ECO,446
446_BUS,11942,65,BUS,446
446_FST,20074,20,FST,446
447_ECO,9721,227,ECO,447
447_BUS,11562,89,BUS,447
447_FST,23139,23,FST,447
448_ECO,9619,166,ECO,448
448_BUS,10361,95,BUS,448
448_FST,27463,39,FST,448
449_ECO,9362,171,ECO,449
449_BUS,15926,72,BUS,449
449_FST,29879,37,FST,449
450_ECO,5535,261,ECO,450
450_BUS,16042,94,BUS,450
450_FST,26245,25,FST,450
451_ECO,9480,111,ECO,451
451_BUS,11138,52,BUS,451
451_FST,22831,29,FST,451
452_ECO,5751,267,ECO,452
452_BUS,11781,77,BUS,452
452_FST,23361,21,FST,452
453_ECO,6612,270,ECO,453
453_BUS,15737,64,BUS,453
453_FST,29870,24,FST,453
454_ECO,8047,270,ECO,454
454_BUS,11094,98,BUS,454
454_FST,26604,42,FST,454
455_ECO,7740,199,ECO,455
455_BUS,19935,66,BUS,455
455_FST,23469,34,FST,455
456_ECO,7544,196,ECO,456
456_BUS,19605,60,BUS,456
456_FST,26028,24,FST,456
457_ECO,8961,155,ECO,457
457_BUS,18249,59,BUS,457
457_FST,27279,27,FST,457
458_ECO,7018,218,ECO,458
458_BUS,19791,52,BUS,458
458_FST,27680,39,FST,458
459_ECO,7255,258,ECO,459
459_BUS,11875,73,BUS,459
459_FST,27436,50,FST,459
460_ECO,5987,285,ECO,460
460_BUS,19389,55,BUS,460
460_FST,27615,36,FST,460
461_ECO,7905,280,ECO,461
461_BUS,10813,85,BUS,461
461_FST,27795,24,FST,461
462_ECO,8208,245,ECO,462
462_BUS,14059,77,BUS,462
462_FST,24908,26,FST,462
463_ECO,8595,298,ECO,463
463_BUS,18186,83,BUS,463
463_FST,27742,37,FST,463
464_ECO,6371,244,ECO,464
464_BUS,10001,53,BUS,464
464_FST,20322,25,FST,464
465_ECO,7662,138,ECO,465
465_BUS,16129,79,BUS,465
465_FST,26431,38,FST,465
466_ECO,9333,286,ECO,466
466_BUS,12177,78,BUS,466
466_FST,24976,28,FST,466
467_ECO,9374,249,ECO,467
467_BUS,12017,58,BUS,467
467_FST,23752,25,FST,467
468_ECO,8191,174,ECO,468
468_BUS,11130,95,BUS,468
468_FST,20735,37,FST,468
469_ECO,9174,119,ECO,469
469_BUS,10197,89,BUS,469
469_FST,24879,50,FST,469
470_ECO,9071,138,ECO,470
470_BUS,13202,62,BUS,470
470_FST,25854,21,FST,470
471_ECO,6677,190,ECO,471
471_BUS,14267,91,BUS,471
471_FST,20947,49,FST,471
472_ECO,6331,119,ECO,472
472_BUS,18352,92,BUS,472
472_FST,22748,36,FST,472
473_ECO,5147,122,ECO,473
473_BUS,16827,68,BUS,473
473_FST,21171,20,FST,473
474_ECO,8166,300,ECO,474
474_BUS,18216,88,BUS,474
474_FST,27696,30,FST,474
475_ECO,9266,270,ECO,475
475_BUS,13532,87,BUS,475
475_FST,29722,30,FST,475
476_ECO,5597,180,ECO,476
476_BUS,19245,82,BUS,476
476_FST,23705,36,FST,476
477_ECO,7161,209,ECO,477
477_BUS,14011,97,BUS,477
477_FST,23391,39,FST,477
478_ECO,5781,214,ECO,478
478_BUS,12612,98,BUS,478
478_FST,22249,47,FST,478
479_ECO,5409,245,ECO,479
479_BUS,10266,70,BUS,479
479_FST,25708,42,FST,479
480_ECO,5133,183,ECO,480
480_BUS,16072,57,BUS,480
480_FST,25790,45,FST,480
481_ECO,7677,159,ECO,481
481_BUS,17404,76,BUS,481
481_FST,28099,36,FST,481
482_ECO,7505,188,ECO,482
482_BUS,11596,77,BUS,482
482_FST,29255,35,FST,482
483_ECO,9796,187,ECO,483
483_BUS,10310,96,BUS,483
483_FST,23610,31,FST,483
484_ECO,5253,183,ECO,484
484_BUS,19261,85,BUS,484
484_FST,20760,38,FST,484
485_ECO,9033,106,ECO,485
485_BUS,17737,100,BUS,485
485_FST,21036,37,FST,485
486_ECO,9844,239,ECO,486
486_BUS,16625,55,BUS,486
486_FST,28978,50,FST,486
487_ECO,6793,112,ECO,487
487_BUS,12632,74,BUS,487
487_FST,22167,36,FST,487
488_ECO,7050,219,ECO,488
488_BUS,17228,68,BUS,488
488_FST,21571,45,FST,488
489_ECO,5012,166,ECO,489
489_BUS,10383,52,BUS,489
489_FST,25363,41,FST,489
490_ECO,8045,289,ECO,490
490_BUS,12793,85,BUS,490
490_FST,24814,27,FST,490
491_ECO,8007,107,ECO,491
491_BUS,11925,61,BUS,491
491_FST,27415,27,FST,491
492_ECO,8182,171,ECO,492
492_BUS,10340,67,BUS,492
492_FST,28689,48,FST,492
493_ECO,6317,212,ECO,493
493_BUS,17031,59,BUS,493
493_FST,23601,26,FST,493
494_ECO,9381,131,ECO,494
494_BUS,17507,99,BUS,494
494_FST,21293,27,FST,494
495_ECO,7213,195,ECO,495
495_BUS,12774,86,BUS,495
495_FST,25786,42,FST,495
496_ECO,9821,177,ECO,496
496_BUS,18099,95,BUS,496
496_FST,25286,35,FST,496
497_ECO,5998,152,ECO,497
497_BUS,12409,58,BUS,497
497_FST,26004,40,FST,497
498_ECO,5480,177,ECO,498
498_BUS,13606,84,BUS,498
498_FST,29088,31,FST,498
499_ECO,6074,122,ECO,499
499_BUS,12206,89,BUS,499
499_FST,23523,39,FST,499
500_ECO,8359,273,ECO,500
500_BUS,18707,57,BUS,500
500_FST,22787,34,FST,500
501_ECO,8160,187,ECO,501
501_BUS,19110,86,BUS,501
501_FST,25277,41,FST,501
502_ECO,5894,256,ECO,502
502_BUS,11592,78,BUS,502
502_FST,22490,50,FST,502
503_ECO,8746,249,ECO,503
503_BUS,14977,95,BUS,503
503_FST,21010,24,FST,503
504_ECO,5004,104,ECO,504
504_BUS,16062,52,BUS,504
504_FST,21568,32,FST,504
505_ECO,5190,184,ECO,505
505_BUS,15101,99,BUS,505
505_FST,20525,37,FST,505
506_ECO,8204,293,ECO,506
506_BUS,16926,77,BUS,506
506_FST,24999,50,FST,506
507_ECO,7867,145,ECO,507
507_BUS,15380,77,BUS,507
507_FST,20766,39,FST,507
508_ECO,5090,238,ECO,508
508_BUS,16798,55,BUS,508
508_FST,29281,27,FST,508
509_ECO,7051,229,ECO,509
509_BUS,11074,100,BUS,509
509_FST,27728,24,FST,509
510_ECO,8911,170,ECO,510
510_BUS,16148,86,BUS,510
510_FST,24461,28,FST,510
511_ECO,9397,234,ECO,511
511_BUS,17165,50,BUS,511
511_FST,25250,40,FST,511
512_ECO,5699,152,ECO,512
512_BUS,17440,80,BUS,512
512_FST,27374,33,FST,512
513_ECO,9180,134,ECO,513
513_BUS,18106,50,BUS,513
513_FST,28608,42,FST,513
514_ECO,7833,283,ECO,514
514_BUS,16600,93,BUS,514
514_FST,22057,29,FST,514
515_ECO,6820,129,ECO,515
515_BUS,11862,66,BUS,515
515_FST,20896,48,FST,515
516_ECO,5013,149,ECO,516
516_BUS,10291,99,BUS,516
516_FST,27774,37,FST,516
517_ECO,6067,226,ECO,517
517_BUS,11643,81,BUS,517
517_FST,22679,22,FST,517
518_ECO,5663,102,ECO,518
518_BUS,13494,61,BUS,518
518_FST,21839,25,FST,518
519_ECO,8858,157,ECO,519
519_BUS,10291,93,BUS,519
519_FST,22024,33,FST,519
520_ECO,7477,164,ECO,520
520_BUS,17169,93,BUS,520
520_FST,27702,28,FST,520
521_ECO,6617,237,ECO,521
521_BUS,16906,60,BUS,521
521_FST,26967,47,FST,521
522_ECO,8054,297,ECO,522
522_BUS,10429,56,BUS,522
522_FST,29183,44,FST,522
523_ECO,8271,225,ECO,523
523_BUS,17607,57,BUS,523
523_FST,22264,24,FST,523
524_ECO,9740,248,ECO,524
524_BUS,13389,100,BUS,524
524_FST,23015,49,FST,524
525_ECO,9958,293,ECO,525
525_BUS,19047,52,BUS,525
525_FST,28402,33,FST,525
526_ECO,7952,279,ECO,526
526_BUS,16398,72,BUS,526
526_FST,28010,29,FST,526
527_ECO,6622,201,ECO,527
527_BUS,14250,71,BUS,527
527_FST,25183,36,FST,527
528_ECO,9630,258,ECO,528
528_BUS,10286,57,BUS,528
528_FST,20672,20,FST,528
529_ECO,5392,264,ECO,529
529_BUS,11937,75,BUS,529
529_FST,20582,40,FST,529
530_ECO,8969,155,ECO,530
530_BUS,14717,57,BUS,530
530_FST,20450,22,FST,530
531_ECO,6781,157,ECO,531
531_BUS,17066,79,BUS,531
531_FST,22500,38,FST,531
532_ECO,8401,118,ECO,532
532_BUS,15902,74,BUS,532
532_FST,21988,46,FST,532
533_ECO,7289,227,ECO,533
533_BUS,18147,100,BUS,533
533_FST,20027,21,FST,533
534_ECO,8959,184,ECO,534
534_BUS,14853,79,BUS,534
534_FST,24625,34,FST,534
535_ECO,5102,103,ECO,535
535_BUS,17418,63,BUS,535
535_FST,25464,39,FST,535
536_ECO,8051,188,ECO,536
536_BUS,12176,90,BUS,536
536_FST,29575,41,FST,536
537_ECO,9457,235,ECO,537
537_BUS,18980,70,BUS,537
537_FST,26694,34,FST,537
538_ECO,8357,243,ECO,538
538_BUS,16854,64,BUS,538
538_FST,27779,24,FST,538
539_ECO,5076,114,ECO,539
539_BUS,10108,93,BUS,539
539_FST,27209,39,FST,539
540_ECO,6201,165,ECO,540
540_BUS,17801,94,BUS,540
540_FST,23279,45,FST,540
541_ECO,7606,105,ECO,541
541_BUS,19360,94,BUS,541
541_FST,25697,50,FST,541
542_ECO,5288,256,ECO,542
542_BUS,15237,92,BUS,542
542_FST,29732,23,FST,542
543_ECO,6595,101,ECO,543
543_BUS,15272,79,BUS,543
543_FST,29704,34,FST,543
544_ECO,5828,261,ECO,544
544_BUS,17758,80,BUS,544
544_FST,26847,42,FST,544
545_ECO,6158,137,ECO,545
545_BUS,11005,93,BUS,545
545_FST,21610,37,FST,545
546_ECO,8213,167,ECO,546
546_BUS,19363,65,BUS,546
546_FST,22435,26,FST,546
547_ECO,7329,209,ECO,547
547_BUS,17295,70,BUS,547
547_FST,29441,37,FST,547
548_ECO,6673,134,ECO,548
548_BUS,15514,95,BUS,548
548_FST,22862,35,FST,548
549_ECO,7836,177,ECO,549
549_BUS,19388,83,BUS,549
549_FST,23010,37,FST,549
550_ECO,9082,236,ECO,550
550_BUS,13251,100,BUS,550
550_FST,23202,40,FST,550
551_ECO,6754,273,ECO,551
551_BUS,14016,94,BUS,551
551_FST,21398,27,FST,551
552_ECO,5070,104,ECO,552
552_BUS,14183,77,BUS,552
552_FST,25762,23,FST,552
553_ECO,7185,264,ECO,553
553_BUS,10555,69,BUS,553
553_FST,28940,21,FST,553
554_ECO,9751,105,ECO,554
554_BUS,14235,91,BUS,554
554_FST,21842,35,FST,554
555_ECO,5813,228,ECO,555
555_BUS,18735,68,BUS,555
555_FST,21366,32,FST,555
556_ECO,5985,110,ECO,556
556_BUS,19408,77,BUS,556
556_FST,20008,34,FST,556
557_ECO,7957,211,ECO,557
557_BUS,19192,72,BUS,557
557_FST,25895,31,FST,557
558_ECO,6027,126,ECO,558
558_BUS,11641,93,BUS,558
558_FST,28988,40,FST,558
559_ECO,6673,141,ECO,559
559_BUS,12034,71,BUS,559
559_FST,22318,30,FST,559
560_ECO,8839,274,ECO,560
560_BUS,17520,60,BUS,560
560_FST,23989,45,FST,560
561_ECO,8154,210,ECO,561
561_BUS,14500,69,BUS,561
561_FST,27492,23,FST,561
562_ECO,6166,194,ECO,562
562_BUS,10109,68,BUS,562
562_FST,22028,44,FST,562
563_ECO,7640,232,ECO,563
563_BUS,12933,66,BUS,563
563_FST,22083,40,FST,563
564_ECO,8343,221,ECO,564
564_BUS,16619,88,BUS,564
564_FST,21978,42,FST,564
565_ECO,6775,120,ECO,565
565_BUS,14410,99,BUS,565
565_FST,24110,39,FST,565
566_ECO,7750,225,ECO,566
566_BUS,17379,93,BUS,566
566_FST,21900,41,FST,566
567_ECO,7869,180,ECO,567
567_BUS,18598,52,BUS,567
567_FST,23978,21,FST,567
568_ECO,9074,263,ECO,568
568_BUS,15915,91,BUS,568
568_FST,26631,30,FST,568
569_ECO,5894,232,ECO,569
569_BUS,10680,51,BUS,569
569_FST,21275,21,FST,569
570_ECO,7579,214,ECO,570
570_BUS,11616,57,BUS,570
570_FST,21441,36,FST,570
571_ECO,6035,190,ECO,571
571_BUS,14619,64,BUS,571
571_FST,26133,27,FST,571
572_ECO,9498,183,ECO,572
572_BUS,13608,84,BUS,572
572_FST,28225,37,FST,572
573_ECO,5849,168,ECO,573
573_BUS,12082,64,BUS,573
573_FST,28225,32,FST,573
574_ECO,8986,172,ECO,574
574_BUS,17830,69,BUS,574
574_FST,22139,26,FST,574
575_ECO,7098,240,ECO,575
575_BUS,16060,65,BUS,575
575_FST,25567,41,FST,575
576_ECO,8540,258,ECO,576
576_BUS,10498,72,BUS,576
576_FST,21035,50,FST,576
577_ECO,9968,176,ECO,577
577_BUS,14520,97,BUS,577
577_FST,25035,29,FST,577
578_ECO,5479,121,ECO,578
578_BUS,14900,85,BUS,578
578_FST,29852,47,FST,578
579_ECO,7379,100,ECO,579
579_BUS,17056,75,BUS,579
579_FST,27966,23,FST,579
580_ECO,5471,275,ECO,580
580_BUS,12897,97,BUS,580
580_FST,24188,22,FST,580
581_ECO,7906,119,ECO,581
581_BUS,13985,98,BUS,581
581_FST,24968,45,FST,581
582_ECO,5443,217,ECO,582
582_BUS,16394,75,BUS,582
582_FST,22848,26,FST,582
583_ECO,6365,253,ECO,583
583_BUS,12833,72,BUS,583
583_FST,20743,23,FST,583
584_ECO,5426,284,ECO,584
584_BUS,16193,57,BUS,584
584_FST,26722,35,FST,584
585_ECO,5341,123,ECO,585
585_BUS,19584,98,BUS,585
585_FST,24133,42,FST,585
586_ECO,7027,226,ECO,586
586_BUS,14475,64,BUS,586
586_FST,25624,29,FST,586
587_ECO,6590,209,ECO,587
587_BUS,18832,81,BUS,587
587_FST,23880,20,FST,587
588_ECO,7375,203,ECO,588
588_BUS,18812,76,BUS,588
588_FST,24079,42,FST,588
589_ECO,7954,131,ECO,589
589_BUS,19017,68,BUS,589
589_FST,22642,42,FST,589
590_ECO,9430,206,ECO,590
590_BUS,13675,87,BUS,590
590_FST,25468,30,FST,590
591_ECO,9300,231,ECO,591
591_BUS,18248,99,BUS,591
591_FST,27720,38,FST,591
592_ECO,5127,124,ECO,592
592_BUS,17229,79,BUS,592
592_FST,20224,25,FST,592
593_ECO,8593,292,ECO,593
593_BUS,16998,92,BUS,593
593_FST,29678,30,FST,593
594_ECO,8385,265,ECO,594
594_BUS,19795,78,BUS,594
594_FST,21157,25,FST,594
595_ECO,7906,158,ECO,595
595_BUS,14488,63,BUS,595
595_FST,21144,37,FST,595
596_ECO,5605,231,ECO,596
596_BUS,13397,97,BUS,596
596_FST,23377,23,FST,596
597_ECO,8381,162,ECO,597
597_BUS,14896,82,BUS,597
597_FST,21587,37,FST,597
598_ECO,5284,282,ECO,598
598_BUS,11714,89,BUS,598
598_FST,23306,33,FST,598
599_ECO,9131,298,ECO,599
599_BUS,15263,95,BUS,599
599_FST,21415,40,FST,599
600_ECO,5911,156,ECO,600
600_BUS,18835,71,BUS,600
600_FST,21470,43,FST,600
601_ECO,9973,263,ECO,601
601_BUS,15960,79,BUS,601
601_FST,27115,44,FST,601
602_ECO,6876,149,ECO,602
602_BUS,18818,90,BUS,602
602_FST,20681,25,FST,602
603_ECO,6863,193,ECO,603
603_BUS,15714,59,BUS,603
603_FST,22625,43,FST,603
604_ECO,7026,166,ECO,604
604_BUS,10356,57,BUS,604
604_FST,26009,39,FST,604
605_ECO,8883,295,ECO,605
605_BUS,10840,53,BUS,605
605_FST,23732,20,FST,605
606_ECO,7246,293,ECO,606
606_BUS,11303,85,BUS,606
606_FST,29889,24,FST,606
607_ECO,9914,289,ECO,607
607_BUS,11724,73,BUS,607
607_FST,26526,37,FST,607
608_ECO,5285,287,ECO,608
608_BUS,17154,76,BUS,608
608_FST,28003,21,FST,608
609_ECO,5204,278,ECO,609
609_BUS,16294,63,BUS,609
609_FST,20335,32,FST,609
610_ECO,8765,201,ECO,610
610_BUS,15518,92,BUS,610
610_FST,20415,30,FST,610
611_ECO,6547,165,ECO,611
611_BUS,12938,97,BUS,611
611_FST,20143,31,FST,611
612_ECO,5394,133,ECO,612
612_BUS,14893,87,BUS,612
612_FST,25293,32,FST,612
613_ECO,8095,233,ECO,613
613_BUS,17748,81,BUS,613
613_FST,25779,22,FST,613
614_ECO,6537,299,ECO,614
614_BUS,12221,87,BUS,614
614_FST,27094,21,FST,614
615_ECO,9391,141,ECO,615
615_BUS,16547,77,BUS,615
615_FST,21568,34,FST,615
616_ECO,6452,169,ECO,616
616_BUS,19356,87,BUS,616
616_FST,21832,20,FST,616
617_ECO,6067,162,ECO,617
617_BUS,18330,99,BUS,617
617_FST,25707,34,FST,617
618_ECO,9634,176,ECO,618
618_BUS,11479,77,BUS,618
618_FST,29174,29,FST,618
619_ECO,9844,274,ECO,619
619_BUS,13705,72,BUS,619
619_FST,22997,48,FST,619
620_ECO,6792,295,ECO,620
620_BUS,18999,84,BUS,620
620_FST,27924,33,FST,620
621_ECO,7071,100,ECO,621
621_BUS,13978,83,BUS,621
621_FST,24606,29,FST,621
622_ECO,6711,116,ECO,622
622_BUS,11052,53,BUS,622
622_FST,22933,25,FST,622
623_ECO,9249,245,ECO,623
623_BUS,18791,76,BUS,623
623_FST,29135,25,FST,623
624_ECO,8391,195,ECO,624
624_BUS,11433,71,BUS,624
624_FST,24769,39,FST,624
625_ECO,5189,241,ECO,625
625_BUS,17072,78,BUS,625
625_FST,22084,28,FST,625
626_ECO,9442,159,ECO,626
626_BUS,19857,82,BUS,626
626_FST,27412,45,FST,626
627_ECO,7839,225,ECO,627
627_BUS,17579,98,BUS,627
627_FST,26499,44,FST,627
628_ECO,5886,136,ECO,628
628_BUS,17834,98,BUS,628
628_FST,25942,30,FST,628
629_ECO,6344,160,ECO,629
629_BUS,15934,72,BUS,629
629_FST,24728,37,FST,629
630_ECO,7964,208,ECO,630
630_BUS,18792,99,BUS,630
630_FST,21028,46,FST,630
631_ECO,6639,106,ECO,631
631_BUS,12082,72,BUS,631
631_FST,27651,29,FST,631
632_ECO,9944,175,ECO,632
632_BUS,14373,58,BUS,632
632_FST,25033,34,FST,632
633_ECO,6364,154,ECO,633
633_BUS,14772,57,BUS,633
633_FST,26303,31,FST,633
634_ECO,6145,280,ECO,634
634_BUS,18265,85,BUS,634
634_FST,25301,24,FST,634
635_ECO,8298,191,ECO,635
635_BUS,14014,67,BUS,635
635_FST,26315,32,FST,635
636_ECO,9554,120,ECO,636
636_BUS,10591,57,BUS,636
636_FST,25796,25,FST,636
637_ECO,9742,139,ECO,637
637_BUS,12781,59,BUS,637
637_FST,27282,29,FST,637
638_ECO,9600,248,ECO,638
638_BUS,11125,78,BUS,638
638_FST,27749,44,FST,638
639_ECO,8139,240,ECO,639
639_BUS,14478,51,BUS,639
639_FST,22540,40,FST,639
640_ECO,7020,186,ECO,640
640_BUS,13415,99,BUS,640
640_FST,22380,23,FST,640
641_ECO,8279,193,ECO,641
641_BUS,12761,51,BUS,641
641_FST,27052,21,FST,641
642_ECO,5745,148,ECO,642
642_BUS,13160,67,BUS,642
642_FST,21231,36,FST,642
643_ECO,5335,107,ECO,643
643_BUS,18090,84,BUS,643
643_FST,20515,37,FST,643
644_ECO,9973,286,ECO,644
644_BUS,12216,97,BUS,644
644_FST,27694,43,FST,644
645_ECO,7530,219,ECO,645
645_BUS,13036,54,BUS,645
645_FST,28645,37,FST,645
646_ECO,9823,106,ECO,646
646_BUS,18935,68,BUS,646
646_FST,20628,28,FST,646
647_ECO,6456,117,ECO,647
647_BUS,19355,86,BUS,647
647_FST,21963,24,FST,647
648_ECO,7131,103,ECO,648
648_BUS,14371,99,BUS,648
648_FST,24962,27,FST,648
649_ECO,9620,168,ECO,649
649_BUS,15245,67,BUS,649
649_FST,26083,27,FST,649
650_ECO,5564,114,ECO,650
650_BUS,14043,85,BUS,650
650_FST,28079,37,FST,650
651_ECO,7695,260,ECO,651
651_BUS,19992,54,BUS,651
651_FST,20188,28,FST,651
652_ECO,5300,183,ECO,652
652_BUS,11587,76,BUS,652
652_FST,28317,24,FST,652
653_ECO,9626,220,ECO,653
653_BUS,16777,93,BUS,653
653_FST,28502,31,FST,653
654_ECO,9853,130,ECO,654
654_BUS,11010,54,BUS,654
654_FST,24832,45,FST,654
655_ECO,8682,185,ECO,655
655_BUS,12839,77,BUS,655
655_FST,25731,40,FST,655
656_ECO,7381,277,ECO,656
656_BUS,16641,97,BUS,656
656_FST,29632,43,FST,656
657_ECO,8284,121,ECO,657
657_BUS,12339,50,BUS,657
657_FST,21892,21,FST,657
658_ECO,8947,105,ECO,658
658_BUS,10922,80,BUS,658
658_FST,24025,44,FST,658
659_ECO,6138,183,ECO,659
659_BUS,10571,68,BUS,659
659_FST,27304,24,FST,659
660_ECO,6438,220,ECO,660
660_BUS,15697,97,BUS,660
660_FST,20544,50,FST,660
661_ECO,7192,109,ECO,661
661_BUS,19306,61,BUS,661
661_FST,26805,24,FST,661
662_ECO,7086,164,ECO,662
662_BUS,10664,62,BUS,662
662_FST,22876,29,FST,662
663_ECO,7027,235,ECO,663
663_BUS,16036,84,BUS,663
663_FST,29277,39,FST,663
664_ECO,8265,250,ECO,664
664_BUS,10086,55,BUS,664
664_FST,26003,31,FST,664
665_ECO,6654,217,ECO,665
665_BUS,17941,54,BUS,665
665_FST,23329,30,FST,665
666_ECO,6206,118,ECO,666
666_BUS,12675,53,BUS,666
666_FST,22966,45,FST,666
667_ECO,7358,125,ECO,667
667_BUS,11980,93,BUS,667
667_FST,29719,41,FST,667
668_ECO,8427,287,ECO,668
668_BUS,18035,75,BUS,668
668_FST,26433,44,FST,668
669_ECO,8107,221,ECO,669
669_BUS,18774,96,BUS,669
669_FST,22444,26,FST,669
670_ECO,6770,146,ECO,670
670_BUS,13327,58,BUS,670
670_FST,29780,39,FST,670
671_ECO,6975,249,ECO,671
671_BUS,13681,92,BUS,671
671_FST,20808,36,FST,671
672_ECO,7089,209,ECO,672
672_BUS,18742,65,BUS,672
672_FST,24823,22,FST,672
673_ECO,9739,194,ECO,673
673_BUS,15139,59,BUS,673
673_FST,27645,27,FST,673
674_ECO,5093,275,ECO,674
674_BUS,17292,73,BUS,674
674_FST,27878,32,FST,674
675_ECO,7435,264,ECO,675
675_BUS,18104,66,BUS,675
675_FST,20156,30,FST,675
676_ECO,5014,286,ECO,676
676_BUS,14955,73,BUS,676
676_FST,21529,25,FST,676
677_ECO,5334,134,ECO,677
677_BUS,17923,93,BUS,677
677_FST,29079,36,FST,677
678_ECO,7756,160,ECO,678
678_BUS,12049,73,BUS,678
678_FST,27414,27,FST,678
679_ECO,6105,166,ECO,679
679_BUS,15270,53,BUS,679
679_FST,29253,42,FST,679
680_ECO,7167,187,ECO,680
680_BUS,10386,60,BUS,680
680_FST,22957,31,FST,680
681_ECO,6782,172,ECO,681
681_BUS,18410,58,BUS,681
681_FST,29726,36,FST,681
682_ECO,6563,196,ECO,682
682_BUS,16170,93,BUS,682
682_FST,27547,23,FST,682
683_ECO,8781,180,ECO,683
683_BUS,16316,89,BUS,683
683_FST,28958,40,FST,683
684_ECO,5345,266,ECO,684
684_BUS,10166,63,BUS,684
684_FST,25405,40,FST,684
685_ECO,5682,184,ECO,685
685_BUS,14134,67,BUS,685
685_FST,20400,48,FST,685
686_ECO,7559,167,ECO,686
686_BUS,19503,51,BUS,686
686_FST,24780,22,FST,686
687_ECO,9060,166,ECO,687
687_BUS,11640,66,BUS,687
687_FST,26143,36,FST,687
688_ECO,7365,128,ECO,688
688_BUS,13132,80,BUS,688
688_FST,26326,38,FST,688
689_ECO,7661,274,ECO,689
689_BUS,13707,66,BUS,689
689_FST,20740,25,FST,689
690_ECO,8284,131,ECO,690
690_BUS,17647,78,BUS,690
690_FST,22005,39,FST,690
691_ECO,8746,291,ECO,691
691_BUS,18566,83,BUS,691
691_FST,29282,48,FST,691
692_ECO,6856,281,ECO,692
692_BUS,17628,69,BUS,692
692_FST,21345,35,FST,692
693_ECO,9962,236,ECO,693
693_BUS,19261,57,BUS,693
693_FST,26473,45,FST,693
694_ECO,7940,137,ECO,694
694_BUS,19239,88,BUS,694
694_FST,21539,50,FST,694
695_ECO,8216,233,ECO,695
695_BUS,11221,64,BUS,695
695_FST,29158,30,FST,695
696_ECO,8119,226,ECO,696
696_BUS,12469,59,BUS,696
696_FST,27404,41,FST,696
697_ECO,9760,238,ECO,697
697_BUS,14284,81,BUS,697
697_FST,24435,35,FST,697
698_ECO,6383,171,ECO,698
698_BUS,12404,84,BUS,698
698_FST,21188,34,FST,698
699_ECO,7196,251,ECO,699
699_BUS,13018,53,BUS,699
699_FST,24850,42,FST,699
700_ECO,7583,112,ECO,700
700_BUS,11178,50,BUS,700
700_FST,23977,34,FST,700
701_ECO,7649,156,ECO,701
701_BUS,14609,89,BUS,701
701_FST,26629,41,FST,701
702_ECO,9138,124,ECO,702
702_BUS,17974,56,BUS,702
702_FST,25809,45,FST,702
703_ECO,5292,110,ECO,703
703_BUS,12545,83,BUS,703
703_FST,24852,39,FST,703
704_ECO,6655,244,ECO,704
704_BUS,12199,88,BUS,704
704_FST,24770,26,FST,704
705_ECO,5517,251,ECO,705
705_BUS,14961,87,BUS,705
705_FST,27241,48,FST,705
706_ECO,8611,153,ECO,706
706_BUS,19084,63,BUS,706
706_FST,25700,29,FST,706
707_ECO,5174,273,ECO,707
707_BUS,12415,54,BUS,707
707_FST,24716,28,FST,707
708_ECO,6179,119,ECO,708
708_BUS,10509,53,BUS,708
708_FST,24349,31,FST,708
709_ECO,7747,252,ECO,709
709_BUS,12734,95,BUS,709
709_FST,22422,43,FST,709
710_ECO,8804,174,ECO,710
710_BUS,15303,59,BUS,710
710_FST,23092,27,FST,710
711_ECO,6286,173,ECO,711
711_BUS,16327,97,BUS,711
711_FST,22315,38,FST,711
712_ECO,8412,129,ECO,712
712_BUS,18876,58,BUS,712
712_FST,23226,21,FST,712
713_ECO,9447,296,ECO,713
713_BUS,16785,94,BUS,713
713_FST,23963,27,FST,713
714_ECO,9202,111,ECO,714
714_BUS,11444,72,BUS,714
714_FST,23487,45,FST,714
715_ECO,9115,260,ECO,715
715_BUS,13096,52,BUS,715
715_FST,21744,45,FST,715
716_ECO,7179,175,ECO,716
716_BUS,19586,80,BUS,716
716_FST,28203,33,FST,716
717_ECO,9561,174,ECO,717
717_BUS,15470,74,BUS,717
717_FST,21186,39,FST,717
718_ECO,6292,240,ECO,718
718_BUS,15549,68,BUS,718
718_FST,29996,42,FST,718
719_ECO,9407,282,ECO,719
719_BUS,17583,91,BUS,719
719_FST,20582,43,FST,719
720_ECO,8364,262,ECO,720
720_BUS,19657,60,BUS,720
720_FST,24333,50,FST,720
721_ECO,5999,130,ECO,721
721_BUS,10487,85,BUS,721
721_FST,29184,36,FST,721
722_ECO,8377,201,ECO,722
722_BUS,11245,72,BUS,722
722_FST,27933,29,FST,722
723_ECO,9051,277,ECO,723
723_BUS,10071,53,BUS,723
723_FST,29969,32,FST,723
724_ECO,6430,289,ECO,724
724_BUS,13187,85,BUS,724
724_FST,20287,23,FST,724
725_ECO,5996,203,ECO,725
725_BUS,18095,84,BUS,725
725_FST,26388,24,FST,725
726_ECO,9177,236,ECO,726
726_BUS,14058,100,BUS,726
726_FST,28815,33,FST,726
727_ECO,6918,165,ECO,727
727_BUS,16016,60,BUS,727
727_FST,25517,37,FST,727
728_ECO,5492,149,ECO,728
728_BUS,15056,99,BUS,728
728_FST,26548,27,FST,728
729_ECO,7596,134,ECO,729
729_BUS,19918,74,BUS,729
729_FST,26438,24,FST,729
730_ECO,9648,150,ECO,730
730_BUS,10440,62,BUS,730
730_FST,25310,48,FST,730
731_ECO,7804,184,ECO,731
731_BUS,11072,75,BUS,731
731_FST,23374,42,FST,731
732_ECO,7206,189,ECO,732
732_BUS,12937,74,BUS,732
732_FST,20546,36,FST,732
733_ECO,6156,219,ECO,733
733_BUS,19573,81,BUS,733
733_FST,28395,21,FST,733
734_ECO,9067,125,ECO,734
734_BUS,10024,92,BUS,734
734_FST,27383,20,FST,734
735_ECO,9182,210,ECO,735
735_BUS,17582,70,BUS,735
735_FST,20097,46,FST,735
736_ECO,6928,158,ECO,736
736_BUS,17717,72,BUS,736
736_FST,29292,20,FST,736
737_ECO,9215,176,ECO,737
737_BUS,16079,88,BUS,737
737_FST,23268,31,FST,737
738_ECO,6316,155,ECO,738
738_BUS,18738,91,BUS,738
738_FST,24689,39,FST,738
739_ECO,7289,132,ECO,739
739_BUS,18668,78,BUS,739
739_FST,26122,31,FST,739
740_ECO,8246,151,ECO,740
740_BUS,15565,70,BUS,740
740_FST,24698,30,FST,740
741_ECO,9281,286,ECO,741
741_BUS,14278,82,BUS,741
741_FST,24835,22,FST,741
742_ECO,8086,251,ECO,742
742_BUS,15076,52,BUS,742
742_FST,25601,33,FST,742
743_ECO,7546,219,ECO,743
743_BUS,16481,53,BUS,743
743_FST,22639,34,FST,743
744_ECO,5148,200,ECO,744
744_BUS,19313,59,BUS,744
744_FST,27843,33,FST,744
745_ECO,9584,234,ECO,745
745_BUS,18695,71,BUS,745
745_FST,23806,31,FST,745
746_ECO,8431,147,ECO,746
746_BUS,10433,70,BUS,746
746_FST,27562,49,FST,746
747_ECO,6936,230,ECO,747
747_BUS,13517,92,BUS,747
747_FST,26764,41,FST,747
748_ECO,8684,171,ECO,748
748_BUS,13242,74,BUS,748
748_FST,26823,25,FST,748
749_ECO,5291,128,ECO,749
749_BUS,12206,68,BUS,749
749_FST,24106,37,FST,749
750_ECO,8424,125,ECO,750
750_BUS,10151,62,BUS,750
750_FST,24418,32,FST,750
751_ECO,5496,110,ECO,751
751_BUS,17596,95,BUS,751
751_FST,26870,47,FST,751
752_ECO,5482,227,ECO,752
752_BUS,16754,81,BUS,752
752_FST,21239,43,FST,752
753_ECO,6235,143,ECO,753
753_BUS,11186,91,BUS,753
753_FST,24521,34,FST,753
754_ECO,7647,208,ECO,754
754_BUS,14079,99,BUS,754
754_FST,27119,24,FST,754
755_ECO,8431,295,ECO,755
755_BUS,15305,59,BUS,755
755_FST,26256,20,FST,755
756_ECO,5014,271,ECO,756
756_BUS,12118,72,BUS,756
756_FST,27459,41,FST,756
757_ECO,9034,215,ECO,757
757_BUS,10094,95,BUS,757
757_FST,25200,35,FST,757
758_ECO,7068,153,ECO,758
758_BUS,19332,98,BUS,758
758_FST,20152,27,FST,758
759_ECO,6481,219,ECO,759
759_BUS,17267,65,BUS,759
759_FST,23662,37,FST,759
760_ECO,7333,152,ECO,760
760_BUS,15569,98,BUS,760
760_FST,28430,39,FST,760
761_ECO,8510,238,ECO,761
761_BUS,10987,82,BUS,761
761_FST,20799,34,FST,761
762_ECO,9029,300,ECO,762
762_BUS,16454,58,BUS,762
762_FST,25301,24,FST,762
763_ECO,6647,144,ECO,763
763_BUS,10537,82,BUS,763
763_FST,20164,26,FST,763
764_ECO,9706,152,ECO,764
764_BUS,12180,90,BUS,764
764_FST,22316,35,FST,764
765_ECO,9455,113,ECO,765
765_BUS,17989,96,BUS,765
765_FST,24023,28,FST,765
766_ECO,9077,153,ECO,766
766_BUS,13036,63,BUS,766
766_FST,23679,32,FST,766
767_ECO,5554,101,ECO,767
767_BUS,19559,81,BUS,767
767_FST,29801,31,FST,767
768_ECO,7138,193,ECO,768
768_BUS,12000,55,BUS,768
768_FST,28790,41,FST,768
769_ECO,9373,196,ECO,769
769_BUS,15156,69,BUS,769
769_FST,23015,32,FST,769
770_ECO,7235,198,ECO,770
770_BUS,13974,86,BUS,770
770_FST,29586,46,FST,770
771_ECO,7538,178,ECO,771
771_BUS,15628,94,BUS,771
771_FST,24908,25,FST,771
772_ECO,8019,186,ECO,772
772_BUS,12104,66,BUS,772
772_FST,26775,33,FST,772
773_ECO,7658,165,ECO,773
773_BUS,15728,57,BUS,773
773_FST,22367,39,FST,773
774_ECO,6689,184,ECO,774
774_BUS,11820,95,BUS,774
774_FST,22569,45,FST,774
775_ECO,6536,289,ECO,775
775_BUS,16671,77,BUS,775
775_FST,29127,24,FST,775
776_ECO,7905,161,ECO,776
776_BUS,14494,80,BUS,776
776_FST,20489,41,FST,776
777_ECO,5201,149,ECO,777
777_BUS,16076,89,BUS,777
777_FST,23061,21,FST,777
778_ECO,9113,293,ECO,778
778_BUS,19507,82,BUS,778
778_FST,26770,21,FST,778
779_ECO,5915,104,ECO,779
779_BUS,19213,67,BUS,779
779_FST,29894,24,FST,779
780_ECO,7622,268,ECO,780
780_BUS,19237,67,BUS,780
780_FST,29646,30,FST,780
781_ECO,9111,119,ECO,781
781_BUS,11387,52,BUS,781
781_FST,22387,28,FST,781
782_ECO,6303,192,ECO,782
782_BUS,18511,60,BUS,782
782_FST,21589,33,FST,782
783_ECO,5485,159,ECO,783
783_BUS,10179,53,BUS,783
783_FST,21353,20,FST,783
784_ECO,6559,191,ECO,784
784_BUS,19147,57,BUS,784
784_FST,26138,43,FST,784
785_ECO,7490,138,ECO,785
785_BUS,15301,68,BUS,785
785_FST,23673,45,FST,785
786_ECO,6693,129,ECO,786
786_BUS,18722,78,BUS,786
786_FST,23961,32,FST,786
787_ECO,8343,134,ECO,787
787_BUS,13028,78,BUS,787
787_FST,22818,24,FST,787
788_ECO,7258,132,ECO,788
788_BUS,11399,69,BUS,788
788_FST,22634,26,FST,788
789_ECO,6860,284,ECO,789
789_BUS,13744,76,BUS,789
789_FST,21761,38,FST,789
790_ECO,9163,282,ECO,790
790_BUS,13595,65,BUS,790
790_FST,28101,30,FST,790
791_ECO,5177,122,ECO,791
791_BUS,12245,54,BUS,791
791_FST,23607,43,FST,791
792_ECO,5538,297,ECO,792
792_BUS,13468,71,BUS,792
792_FST,24438,34,FST,792
793_ECO,8617,168,ECO,793
793_BUS,18725,56,BUS,793
793_FST,25178,25,FST,793
794_ECO,5560,167,ECO,794
794_BUS,10021,72,BUS,794
794_FST,26595,41,FST,794
795_ECO,7346,209,ECO,795
795_BUS,19954,75,BUS,795
795_FST,21933,20,FST,795
796_ECO,9865,251,ECO,796
796_BUS,11780,56,BUS,796
796_FST,27995,45,FST,796
797_ECO,7155,212,ECO,797
797_BUS,18521,76,BUS,797
797_FST,26214,49,FST,797
798_ECO,8982,257,ECO,798
798_BUS,18394,60,BUS,798
798_FST,26355,25,FST,798
799_ECO,6055,277,ECO,799
799_BUS,11431,86,BUS,799
799_FST,29077,24,FST,799
800_ECO,5728,113,ECO,800
800_BUS,17056,76,BUS,800
800_FST,28531,21,FST,800
801_ECO,5166,221,ECO,801
801_BUS,10000,95,BUS,801
801_FST,28991,29,FST,801
802_ECO,8110,294,ECO,802
802_BUS,19522,74,BUS,802
802_FST,25670,45,FST,802
803_ECO,9806,104,ECO,803
803_BUS,15116,60,BUS,803
803_FST,24576,36,FST,803
804_ECO,5668,273,ECO,804
804_BUS,16249,54,BUS,804
804_FST,21528,38,FST,804
805_ECO,7083,213,ECO,805
805_BUS,19452,51,BUS,805
805_FST,28192,20,FST,805
806_ECO,9985,178,ECO,806
806_BUS,18567,98,BUS,806
806_FST,24558,48,FST,806
807_ECO,8800,131,ECO,807
807_BUS,13819,88,BUS,807
807_FST,29221,43,FST,807
808_ECO,6856,259,ECO,808
808_BUS,15066,61,BUS,808
808_FST,22552,25,FST,808
809_ECO,8052,228,ECO,809
809_BUS,13528,83,BUS,809
809_FST,22316,26,FST,809
810_ECO,6837,144,ECO,810
810_BUS,13416,88,BUS,810
810_FST,20094,36,FST,810
811_ECO,8126,189,ECO,811
811_BUS,12613,91,BUS,811
811_FST,25437,41,FST,811
812_ECO,9380,269,ECO,812
812_BUS,15655,66,BUS,812
812_FST,24772,24,FST,812
813_ECO,8357,138,ECO,813
813_BUS,16192,70,BUS,813
813_FST,23055,28,FST,813
814_ECO,6144,298,ECO,814
814_BUS,18610,90,BUS,814
814_FST,28789,49,FST,814
815_ECO,6899,236,ECO,815
815_BUS,11834,88,BUS,815
815_FST,27792,43,FST,815
816_ECO,6411,299,ECO,816
816_BUS,15556,66,BUS,816
816_FST,24996,44,FST,816
817_ECO,9631,289,ECO,817
817_BUS,11195,74,BUS,817
817_FST,27951,47,FST,817
818_ECO,7129,222,ECO,818
818_BUS,16491,77,BUS,818
818_FST,27176,33,FST,818
819_ECO,9996,236,ECO,819
819_BUS,13710,51,BUS,819
819_FST,23864,34,FST,819
820_ECO,7841,240,ECO,820
820_BUS,16470,55,BUS,820
820_FST,24192,24,FST,820
821_ECO,9673,134,ECO,821
821_BUS,14846,84,BUS,821
821_FST,20678,36,FST,821
822_ECO,7870,283,ECO,822
822_BUS,12452,77,BUS,822
822_FST,27124,22,FST,822
823_ECO,6568,300,ECO,823
823_BUS,16052,64,BUS,823
823_FST,27581,34,FST,823
824_ECO,7457,271,ECO,824
824_BUS,18724,88,BUS,824
824_FST,23969,37,FST,824
825_ECO,8484,176,ECO,825
825_BUS,15561,86,BUS,825
825_FST,27824,37,FST,825
826_ECO,8173,120,ECO,826
826_BUS,12800,65,BUS,826
826_FST,26530,32,FST,826
827_ECO,5574,165,ECO,827
827_BUS,15016,79,BUS,827
827_FST,29189,34,FST,827
828_ECO,6100,115,ECO,828
828_BUS,18377,60,BUS,828
828_FST,21227,26,FST,828
829_ECO,7197,271,ECO,829
829_BUS,11022,69,BUS,829
829_FST,21532,31,FST,829
830_ECO,9551,158,ECO,830
830_BUS,11395,66,BUS,830
830_FST,25171,41,FST,830
831_ECO,5414,275,ECO,831
831_BUS,14316,69,BUS,831
831_FST,29412,34,FST,831
832_ECO,5284,206,ECO,832
832_BUS,18835,59,BUS,832
832_FST,21233,40,FST,832
833_ECO,9611,124,ECO,833
833_BUS,18859,53,BUS,833
833_FST,21448,23,FST,833
834_ECO,5449,140,ECO,834
834_BUS,13526,79,BUS,834
834_FST,27100,23,FST,834
835_ECO,5866,104,ECO,835
835_BUS,14420,84,BUS,835
835_FST,27859,49,FST,835
836_ECO,7556,113,ECO,836
836_BUS,13125,93,BUS,836
836_FST,22325,25,FST,836
837_ECO,9858,296,ECO,837
837_BUS,13537,84,BUS,837
837_FST,22512,29,FST,837
838_ECO,6336,163,ECO,838
838_BUS,11732,71,BUS,838
838_FST,27960,22,FST,838
839_ECO,8286,283,ECO,839
839_BUS,14399,100,BUS,839
839_FST,20457,20,FST,839
840_ECO,6570,261,ECO,840
840_BUS,10919,89,BUS,840
840_FST,29955,46,FST,840
841_ECO,6426,246,ECO,841
841_BUS,13984,51,BUS,841
841_FST,29754,42,FST,841
842_ECO,9389,259,ECO,842
842_BUS,15542,62,BUS,842
842_FST,25786,29,FST,842
843_ECO,8761,217,ECO,843
843_BUS,12469,83,BUS,843
843_FST,22108,43,FST,843
844_ECO,7967,178,ECO,844
844_BUS,19859,87,BUS,844
844_FST,25620,35,FST,844
845_ECO,6378,166,ECO,845
845_BUS,17830,99,BUS,845
845_FST,23114,47,FST,845
846_ECO,7010,104,ECO,846
846_BUS,12263,86,BUS,846
846_FST,25538,34,FST,846
847_ECO,6046,119,ECO,847
847_BUS,11459,89,BUS,847
847_FST,25726,23,FST,847
848_ECO,5061,188,ECO,848
848_BUS,11323,59,BUS,848
848_FST,20892,39,FST,848
849_ECO,9046,132,ECO,849
849_BUS,11091,71,BUS,849
849_FST,20653,26,FST,849
850_ECO,5361,166,ECO,850
850_BUS,14515,55,BUS,850
850_FST,27078,28,FST,850
851_ECO,5040,271,ECO,851
851_BUS,17907,76,BUS,851
851_FST,20459,34,FST,851
852_ECO,6636,216,ECO,852
852_BUS,16937,56,BUS,852
852_FST,28096,48,FST,852
853_ECO,8322,188,ECO,853
853_BUS,18032,64,BUS,853
853_FST,23543,47,FST,853
854_ECO,9991,294,ECO,854
854_BUS,13995,80,BUS,854
854_FST,21945,21,FST,854
855_ECO,7665,228,ECO,855
855_BUS,11898,59,BUS,855
855_FST,26619,31,FST,855
856_ECO,9740,280,ECO,856
856_BUS,10495,80,BUS,856
856_FST,27182,36,FST,856
857_ECO,8976,115,ECO,857
857_BUS,19237,90,BUS,857
857_FST,26461,20,FST,857
858_ECO,5558,230,ECO,858
858_BUS,11267,70,BUS,858
858_FST,27692,20,FST,858
859_ECO,6972,229,ECO,859
859_BUS,11305,92,BUS,859
859_FST,28878,28,FST,859
860_ECO,5351,194,ECO,860
860_BUS,10542,80,BUS,860
860_FST,28636,39,FST,860
861_ECO,7312,285,ECO,861
861_BUS,10868,74,BUS,861
861_FST,20423,48,FST,861
862_ECO,7408,129,ECO,862
862_BUS,12087,83,BUS,862
862_FST,23459,34,FST,862
863_ECO,7910,269,ECO,863
863_BUS,14434,85,BUS,863
863_FST,24680,26,FST,863
864_ECO,7158,205,ECO,864
864_BUS,16419,53,BUS,864
864_FST,27908,50,FST,864
865_ECO,5061,182,ECO,865
865_BUS,14684,70,BUS,865
865_FST,21833,39,FST,865
866_ECO,6845,168,ECO,866
866_BUS,11238,98,BUS,866
866_FST,21332,45,FST,866
867_ECO,8271,138,ECO,867
867_BUS,19829,96,BUS,867
867_FST,29960,25,FST,867
868_ECO,7112,173,ECO,868
868_BUS,13623,89,BUS,868
868_FST,20314,36,FST,868
869_ECO,5289,150,ECO,869
869_BUS,11793,62,BUS,869
869_FST,24134,26,FST,869
870_ECO,8967,290,ECO,870
870_BUS,13187,63,BUS,870
870_FST,21747,31,FST,870
871_ECO,7575,150,ECO,871
871_BUS,19812,70,BUS,871
871_FST,26143,40,FST,871
872_ECO,6751,299,ECO,872
872_BUS,18171,66,BUS,872
872_FST,21037,24,FST,872
873_ECO,8668,202,ECO,873
873_BUS,19971,74,BUS,873
873_FST,24495,26,FST,873
874_ECO,9570,223,ECO,874
874_BUS,13374,77,BUS,874
874_FST,26364,36,FST,874
875_ECO,7605,254,ECO,875
875_BUS,11470,81,BUS,875
875_FST,27233,26,FST,875
876_ECO,5721,103,ECO,876
876_BUS,17130,72,BUS,876
876_FST,22979,35,FST,876
877_ECO,8319,222,ECO,877
877_BUS,17275,86,BUS,877
877_FST,26064,50,FST,877
878_ECO,7223,267,ECO,878
878_BUS,12504,62,BUS,878
878_FST,24251,25,FST,878
879_ECO,5004,186,ECO,879
879_BUS,17849,63,BUS,879
879_FST,24435,21,FST,879
880_ECO,7745,102,ECO,880
880_BUS,14955,87,BUS,880
880_FST,22917,30,FST,880
881_ECO,5761,270,ECO,881
881_BUS,19966,61,BUS,881
881_FST,26576,44,FST,881
882_ECO,8156,246,ECO,882
882_BUS,13007,71,BUS,882
882_FST,20959,23,FST,882
883_ECO,8931,298,ECO,883
883_BUS,17884,69,BUS,883
883_FST,20201,42,FST,883
884_ECO,9049,277,ECO,884
884_BUS,14595,66,BUS,884
884_FST,27450,35,FST,884
885_ECO,9699,119,ECO,885
885_BUS,10879,75,BUS,885
885_FST,28811,27,FST,885
886_ECO,7610,254,ECO,886
886_BUS,10032,81,BUS,886
886_FST,28329,25,FST,886
887_ECO,8522,284,ECO,887
887_BUS,16480,87,BUS,887
887_FST,20541,25,FST,887
888_ECO,7436,154,ECO,888
888_BUS,14019,79,BUS,888
888_FST,25415,39,FST,888
889_ECO,5526,288,ECO,889
889_BUS,15389,97,BUS,889
889_FST,22375,49,FST,889
890_ECO,6485,109,ECO,890
890_BUS,16999,65,BUS,890
890_FST,29583,48,FST,890
891_ECO,7499,284,ECO,891
891_BUS,18846,65,BUS,891
891_FST,29090,35,FST,891
892_ECO,7448,179,ECO,892
892_BUS,13512,98,BUS,892
892_FST,25456,20,FST,892
893_ECO,6891,272,ECO,893
893_BUS,17635,68,BUS,893
893_FST,22871,23,FST,893
894_ECO,6877,216,ECO,894
894_BUS,18562,88,BUS,894
894_FST,26145,23,FST,894
895_ECO,6098,167,ECO,895
895_BUS,19203,65,BUS,895
895_FST,29448,47,FST,895
896_ECO,5317,260,ECO,896
896_BUS,13663,68,BUS,896
896_FST,20782,47,FST,896
897_ECO,9971,237,ECO,897
897_BUS,16438,94,BUS,897
897_FST,21281,44,FST,897
898_ECO,9286,110,ECO,898
898_BUS,16397,88,BUS,898
898_FST,28436,27,FST,898
899_ECO,9973,225,ECO,899
899_BUS,13666,54,BUS,899
899_FST,28122,30,FST,899
900_ECO,7835,163,ECO,900
900_BUS,16229,75,BUS,900
900_FST,22980,40,FST,900
901_ECO,8713,143,ECO,901
901_BUS,10439,73,BUS,901
901_FST,29266,20,FST,901
902_ECO,6900,287,ECO,902
902_BUS,19752,94,BUS,902
902_FST,22018,43,FST,902
903_ECO,7138,158,ECO,903
903_BUS,19153,60,BUS,903
903_FST,20600,25,FST,903
904_ECO,9973,300,ECO,904
904_BUS,16901,95,BUS,904
904_FST,29472,30,FST,904
905_ECO,5752,246,ECO,905
905_BUS,11313,58,BUS,905
905_FST,26511,44,FST,905
906_ECO,6898,254,ECO,906
906_BUS,17891,100,BUS,906
906_FST,26585,48,FST,906
907_ECO,6767,276,ECO,907
907_BUS,17935,81,BUS,907
907_FST,26712,40,FST,907
908_ECO,8793,187,ECO,908
908_BUS,17323,80,BUS,908
908_FST,22584,50,FST,908
909_ECO,8332,224,ECO,909
909_BUS,10552,88,BUS,909
909_FST,20528,49,FST,909
910_ECO,5931,279,ECO,910
910_BUS,11794,85,BUS,910
910_FST,21482,39,FST,910
911_ECO,7142,107,ECO,911
911_BUS,19364,87,BUS,911
911_FST,23467,48,FST,911
912_ECO,5823,225,ECO,912
912_BUS,12573,57,BUS,912
912_FST,24788,39,FST,912
913_ECO,9908,178,ECO,913
913_BUS,18636,85,BUS,913
913_FST,25023,33,FST,913
914_ECO,5260,153,ECO,914
914_BUS,18119,98,BUS,914
914_FST,27400,40,FST,914
915_ECO,9480,170,ECO,915
915_BUS,10880,99,BUS,915
915_FST,27106,43,FST,915
916_ECO,7721,283,ECO,916
916_BUS,12895,68,BUS,916
916_FST,24996,22,FST,916
917_ECO,8587,166,ECO,917
917_BUS,13140,79,BUS,917
917_FST,22077,37,FST,917
918_ECO,5132,140,ECO,918
918_BUS,12634,80,BUS,918
918_FST,23147,22,FST,918
919_ECO,5223,105,ECO,919
919_BUS,19233,98,BUS,919
919_FST,25162,34,FST,919
920_ECO,5755,151,ECO,920
920_BUS,13727,64,BUS,920
920_FST,20051,46,FST,920
921_ECO,7609,262,ECO,921
921_BUS,18931,82,BUS,921
921_FST,29298,36,FST,921
922_ECO,9060,246,ECO,922
922_BUS,10113,78,BUS,922
922_FST,25387,33,FST,922
923_ECO,9479,235,ECO,923
923_BUS,19950,84,BUS,923
923_FST,26179,36,FST,923
924_ECO,9413,115,ECO,924
924_BUS,17513,54,BUS,924
924_FST,26320,22,FST,924
925_ECO,6329,164,ECO,925
925_BUS,15313,66,BUS,925
925_FST,26742,30,FST,925
926_ECO,7325,211,ECO,926
926_BUS,12467,58,BUS,926
926_FST,22880,41,FST,926
927_ECO,5911,117,ECO,927
927_BUS,17284,62,BUS,927
927_FST,23913,24,FST,927
928_ECO,8227,153,ECO,928
928_BUS,16234,82,BUS,928
928_FST,23874,46,FST,928
929_ECO,7470,224,ECO,929
929_BUS,17233,50,BUS,929
929_FST,24075,23,FST,929
930_ECO,5408,221,ECO,930
930_BUS,16774,95,BUS,930
930_FST,24705,43,FST,930
931_ECO,6049,258,ECO,931
931_BUS,19944,50,BUS,931
931_FST,23623,39,FST,931
932_ECO,6497,167,ECO,932
932_BUS,19052,56,BUS,932
932_FST,24705,38,FST,932
933_ECO,6611,195,ECO,933
933_BUS,19273,97,BUS,933
933_FST,23855,50,FST,933
934_ECO,6198,113,ECO,934
934_BUS,17342,69,BUS,934
934_FST,29075,38,FST,934
935_ECO,9467,263,ECO,935
935_BUS,14311,92,BUS,935
935_FST,20036,22,FST,935
936_ECO,9735,271,ECO,936
936_BUS,16963,75,BUS,936
936_FST,27331,32,FST,936
937_ECO,8168,261,ECO,937
937_BUS,10851,55,BUS,937
937_FST,26735,32,FST,937
938_ECO,5367,208,ECO,938
938_BUS,11074,92,BUS,938
938_FST,29614,22,FST,938
939_ECO,7008,227,ECO,939
939_BUS,18916,72,BUS,939
939_FST,27120,43,FST,939
940_ECO,7792,191,ECO,940
940_BUS,16208,59,BUS,940
940_FST,28946,38,FST,940
941_ECO,9246,268,ECO,941
941_BUS,11846,84,BUS,941
941_FST,28694,38,FST,941
942_ECO,9192,126,ECO,942
942_BUS,11060,62,BUS,942
942_FST,21886,35,FST,942
943_ECO,5008,214,ECO,943
943_BUS,12021,77,BUS,943
943_FST,25784,48,FST,943
944_ECO,8607,129,ECO,944
944_BUS,13371,93,BUS,944
944_FST,20019,44,FST,944
945_ECO,8278,127,ECO,945
945_BUS,18438,57,BUS,945
945_FST,21863,24,FST,945
946_ECO,8765,132,ECO,946
946_BUS,13849,67,BUS,946
946_FST,21080,34,FST,946
947_ECO,5806,255,ECO,947
947_BUS,19380,70,BUS,947
947_FST,27821,42,FST,947
948_ECO,9331,292,ECO,948
948_BUS,15016,69,BUS,948
948_FST,27077,23,FST,948
949_ECO,8564,162,ECO,949
949_BUS,16892,74,BUS,949
949_FST,25873,22,FST,949
950_ECO,6387,154,ECO,950
950_BUS,14375,98,BUS,950
950_FST,23918,45,FST,950
951_ECO,6442,121,ECO,951
951_BUS,15346,51,BUS,951
951_FST,23962,48,FST,951
952_ECO,9531,239,ECO,952
952_BUS,18981,61,BUS,952
952_FST,22863,41,FST,952
953_ECO,7305,137,ECO,953
953_BUS,14578,63,BUS,953
953_FST,26087,28,FST,953
954_ECO,8922,254,ECO,954
954_BUS,18726,63,BUS,954
954_FST,27826,35,FST,954
955_ECO,9555,230,ECO,955
955_BUS,17998,88,BUS,955
955_FST,29901,33,FST,955
956_ECO,9561,125,ECO,956
956_BUS,12342,89,BUS,956
956_FST,27020,30,FST,956
957_ECO,6306,136,ECO,957
957_BUS,16353,97,BUS,957
957_FST,21841,43,FST,957
958_ECO,8351,152,ECO,958
958_BUS,11532,53,BUS,958
958_FST,28593,26,FST,958
959_ECO,6634,261,ECO,959
959_BUS,18616,98,BUS,959
959_FST,28665,46,FST,959
960_ECO,5280,278,ECO,960
960_BUS,18986,93,BUS,960
960_FST,20012,34,FST,960
961_ECO,8769,105,ECO,961
961_BUS,17172,66,BUS,961
961_FST,26952,23,FST,961
962_ECO,9931,117,ECO,962
962_BUS,11761,57,BUS,962
962_FST,20464,38,FST,962
963_ECO,6046,148,ECO,963
963_BUS,10961,58,BUS,963
963_FST,28402,30,FST,963
964_ECO,5061,251,ECO,964
964_BUS,19861,97,BUS,964
964_FST,24188,47,FST,964
965_ECO,8420,200,ECO,965
965_BUS,10442,87,BUS,965
965_FST,21446,45,FST,965
966_ECO,9397,290,ECO,966
966_BUS,14982,75,BUS,966
966_FST,21535,49,FST,966
967_ECO,5319,183,ECO,967
967_BUS,19073,60,BUS,967
967_FST,20864,29,FST,967
968_ECO,8307,239,ECO,968
968_BUS,19865,62,BUS,968
968_FST,21405,36,FST,968
969_ECO,9689,176,ECO,969
969_BUS,12694,65,BUS,969
969_FST,27878,38,FST,969
970_ECO,5766,290,ECO,970
970_BUS,11477,54,BUS,970
970_FST,29786,35,FST,970
971_ECO,6893,224,ECO,971
971_BUS,17240,65,BUS,971
971_FST,27554,30,FST,971
972_ECO,6985,206,ECO,972
972_BUS,12750,65,BUS,972
972_FST,21818,32,FST,972
973_ECO,9423,141,ECO,973
973_BUS,12244,55,BUS,973
973_FST,27974,25,FST,973
974_ECO,7860,213,ECO,974
974_BUS,16668,84,BUS,974
974_FST,22232,21,FST,974
975_ECO,6336,225,ECO,975
975_BUS,18380,71,BUS,975
975_FST,23401,23,FST,975
976_ECO,9847,294,ECO,976
976_BUS,17554,87,BUS,976
976_FST,21925,42,FST,976
977_ECO,9488,189,ECO,977
977_BUS,17929,67,BUS,977
977_FST,27928,25,FST,977
978_ECO,6669,159,ECO,978
978_BUS,16234,95,BUS,978
978_FST,26033,35,FST,978
979_ECO,9221,158,ECO,979
979_BUS,19719,92,BUS,979
979_FST,28455,39,FST,979
980_ECO,5380,248,ECO,980
980_BUS,15624,63,BUS,980
980_FST,29908,42,FST,980
981_ECO,6404,272,ECO,981
981_BUS,14891,73,BUS,981
981_FST,22400,43,FST,981
982_ECO,8950,137,ECO,982
982_BUS,15321,50,BUS,982
982_FST,29152,41,FST,982
983_ECO,5848,178,ECO,983
983_BUS,17996,55,BUS,983
983_FST,28398,40,FST,983
984_ECO,8494,172,ECO,984
984_BUS,16597,55,BUS,984
984_FST,25458,24,FST,984
985_ECO,8443,261,ECO,985
985_BUS,10680,64,BUS,985
985_FST,29293,24,FST,985
986_ECO,6057,299,ECO,986
986_BUS,12060,65,BUS,986
986_FST,23258,26,FST,986
987_ECO,5354,239,ECO,987
987_BUS,13303,72,BUS,987
987_FST,27425,38,FST,987
988_ECO,5117,292,ECO,988
988_BUS,16334,74,BUS,988
988_FST,22757,44,FST,988
989_ECO,6345,239,ECO,989
989_BUS,14448,56,BUS,989
989_FST,29961,35,FST,989
990_ECO,9848,246,ECO,990
990_BUS,17199,86,BUS,990
990_FST,21669,36,FST,990
991_ECO,6248,130,ECO,991
991_BUS,19504,68,BUS,991
991_FST,23298,39,FST,991
992_ECO,6976,274,ECO,992
992_BUS,13228,94,BUS,992
992_FST,29166,39,FST,992
993_ECO,7277,234,ECO,993
993_BUS,11033,82,BUS,993
993_FST,27960,24,FST,993
994_ECO,8677,272,ECO,994
994_BUS,16930,85,BUS,994
994_FST,27357,37,FST,994
995_ECO,6542,179,ECO,995
995_BUS,17905,52,BUS,995
995_FST,21007,25,FST,995
996_ECO,5510,143,ECO,996
996_BUS,13229,82,BUS,996
996_FST,22927,20,FST,996
997_ECO,9157,278,ECO,997
997_BUS,12316,59,BUS,997
997_FST,27625,32,FST,997
998_ECO,7957,193,ECO,998
998_BUS,12777,77,BUS,998
998_FST,29081,35,FST,998
999_ECO,7289,100,ECO,999
999_BUS,13522,61,BUS,999
999_FST,24660,30,FST,999
1000_ECO,5592,254,ECO,1000
1000_BUS,18356,62,BUS,1000
1000_FST,24500,39,FST,1000
