Flight_ID,Airline_ID,Departure_ID,Arrival_ID,Departure_Time,Arrival_Time,Duration
1,10,5,58,2023-09-13 20:55:13,2023-09-14 05:18:13,503
2,2,63,64,2023-10-20 16:51:12,2023-10-21 00:02:12,431
3,11,63,59,2023-09-17 18:51:45,2023-09-18 00:35:45,344
4,2,11,14,2023-09-22 10:49:13,2023-09-22 19:04:13,495
5,4,7,9,2023-09-03 19:27:12,2023-09-04 02:30:12,423
6,11,11,27,2023-10-28 04:51:21,2023-10-28 12:38:21,467
7,13,4,66,2023-09-18 04:15:21,2023-09-18 11:47:21,452
8,8,12,6,2023-09-24 05:10:30,2023-09-24 13:18:30,488
9,4,5,40,2023-10-21 17:32:55,2023-10-21 23:38:55,366
10,5,25,60,2023-09-18 03:16:57,2023-09-18 09:56:57,400
11,4,67,49,2023-10-11 16:49:10,2023-10-12 00:51:10,482
12,11,3,44,2023-10-07 06:52:21,2023-10-07 15:03:21,491
13,10,5,19,2023-09-24 11:49:05,2023-09-24 20:38:05,529
14,14,7,43,2023-09-07 02:20:35,2023-09-07 09:53:35,453
15,11,47,20,2023-10-01 13:09:24,2023-10-01 19:33:24,384
16,2,45,43,2023-09-24 16:01:40,2023-09-24 23:36:40,455
17,7,61,16,2023-09-11 04:06:11,2023-09-11 12:07:11,481
18,12,38,28,2023-09-18 23:10:46,2023-09-19 07:55:46,525
19,13,38,4,2023-10-21 01:26:12,2023-10-21 09:52:12,506
20,5,75,6,2023-10-21 04:25:11,2023-10-21 09:39:11,314
21,8,19,39,2023-10-04 22:26:54,2023-10-05 04:09:54,343
22,7,49,32,2023-09-05 20:47:22,2023-09-06 02:49:22,362
23,11,22,20,2023-09-21 21:05:33,2023-09-22 04:26:33,441
24,8,53,22,2023-09-09 16:44:53,2023-09-09 23:01:53,377
25,7,55,13,2023-10-09 20:53:11,2023-10-10 05:26:11,513
26,1,8,25,2023-10-01 06:34:01,2023-10-01 15:02:01,508
27,14,2,45,2023-10-10 00:34:30,2023-10-10 09:31:30,537
28,6,23,73,2023-09-06 16:17:31,2023-09-07 01:08:31,531
29,6,21,6,2023-09-06 05:41:09,2023-09-06 14:36:09,535
30,3,49,19,2023-10-20 00:31:27,2023-10-20 09:10:27,519
31,5,74,70,2023-10-23 19:33:59,2023-10-24 03:15:59,462
32,12,19,18,2023-10-27 00:24:26,2023-10-27 07:34:26,430
33,1,55,48,2023-10-17 14:16:04,2023-10-17 19:54:04,338
34,5,24,33,2023-09-21 06:42:52,2023-09-21 12:49:52,367
35,7,35,58,2023-10-19 23:52:20,2023-10-20 07:08:20,436
36,9,18,75,2023-09-17 21:20:29,2023-09-18 04:56:29,456
37,1,32,4,2023-10-07 18:39:38,2023-10-08 02:06:38,447
38,14,28,32,2023-09-30 22:12:47,2023-10-01 04:14:47,362
39,5,24,50,2023-10-12 14:20:02,2023-10-12 22:13:02,473
40,3,43,49,2023-09-29 15:54:05,2023-09-29 21:44:05,350
41,6,43,48,2023-10-13 18:12:13,2023-10-13 23:34:13,322
42,5,60,44,2023-09-29 01:19:59,2023-09-29 08:42:59,443
43,2,29,28,2023-10-11 15:16:25,2023-10-11 20:36:25,320
44,1,46,72,2023-10-03 23:56:31,2023-10-04 06:57:31,421
45,7,35,36,2023-09-29 19:03:05,2023-09-30 00:46:05,343
46,7,13,6,2023-09-30 08:05:42,2023-09-30 13:30:42,325
47,3,14,60,2023-09-24 09:17:20,2023-09-24 16:43:20,446
48,10,64,57,2023-09-25 07:35:15,2023-09-25 13:58:15,383
49,14,23,60,2023-09-22 17:55:01,2023-09-23 00:38:01,403
50,7,23,19,2023-10-19 10:53:02,2023-10-19 18:52:02,479
51,13,36,50,2023-10-22 13:39:09,2023-10-22 20:48:09,429
52,6,25,29,2023-10-12 14:10:07,2023-10-12 19:21:07,311
53,5,29,58,2023-10-28 00:01:10,2023-10-28 05:48:10,347
54,9,67,1,2023-09-16 07:56:37,2023-09-16 15:11:37,435
55,10,15,73,2023-10-07 12:10:40,2023-10-07 20:28:40,498
56,13,50,42,2023-10-23 03:26:17,2023-10-23 09:12:17,346
57,1,53,14,2023-09-06 20:57:55,2023-09-07 02:29:55,332
58,9,64,39,2023-10-23 08:55:18,2023-10-23 14:16:18,321
59,14,63,43,2023-10-20 13:53:33,2023-10-20 19:43:33,350
60,13,10,66,2023-10-04 08:04:26,2023-10-04 14:22:26,378
61,13,15,1,2023-09-03 00:17:55,2023-09-03 08:25:55,488
62,13,33,64,2023-10-08 00:53:49,2023-10-08 08:52:49,479
63,13,3,59,2023-09-15 09:23:40,2023-09-15 17:56:40,513
64,3,68,36,2023-10-23 22:55:15,2023-10-24 06:11:15,436
65,9,16,70,2023-09-25 10:18:44,2023-09-25 17:00:44,402
66,11,52,3,2023-09-30 18:06:26,2023-09-30 23:46:26,340
67,12,26,32,2023-09-19 17:20:12,2023-09-20 02:02:12,522
68,12,1,70,2023-10-17 09:03:51,2023-10-17 14:13:51,310
69,12,9,17,2023-09-10 08:42:41,2023-09-10 16:17:41,455
70,3,63,13,2023-10-26 13:20:00,2023-10-26 21:27:00,487
71,4,48,19,2023-09-07 16:39:22,2023-09-07 21:40:22,301
72,6,27,40,2023-10-07 02:53:35,2023-10-07 08:49:35,356
73,2,39,55,2023-09-29 00:35:13,2023-09-29 06:17:13,342
74,9,5,24,2023-09-26 17:50:21,2023-09-27 00:04:21,374
75,13,2,16,2023-09-15 04:33:47,2023-09-15 12:37:47,484
76,1,65,7,2023-10-12 16:46:58,2023-10-12 23:38:58,412
77,3,58,56,2023-09-17 20:31:01,2023-09-18 04:38:01,487
78,11,72,37,2023-09-06 10:25:46,2023-09-06 15:45:46,320
79,10,21,25,2023-10-11 07:27:24,2023-10-11 15:09:24,462
80,13,33,54,2023-10-29 09:24:35,2023-10-29 17:35:35,491
81,8,56,1,2023-10-18 05:43:02,2023-10-18 13:32:02,469
82,13,34,49,2023-10-20 19:30:40,2023-10-21 00:43:40,313
83,7,45,6,2023-10-15 11:36:55,2023-10-15 20:34:55,538
84,9,52,29,2023-10-01 21:53:59,2023-10-02 05:11:59,438
85,4,53,51,2023-10-04 00:37:48,2023-10-04 08:02:48,445
86,2,15,16,2023-10-11 08:40:07,2023-10-11 17:17:07,517
87,11,63,37,2023-09-02 16:12:06,2023-09-03 01:02:06,530
88,3,19,33,2023-10-01 07:21:26,2023-10-01 15:58:26,517
89,7,5,6,2023-10-20 21:18:53,2023-10-21 05:59:53,521
90,1,14,56,2023-09-02 08:04:39,2023-09-02 15:07:39,423
91,4,13,41,2023-09-02 13:01:02,2023-09-02 18:40:02,339
92,13,55,37,2023-09-25 22:24:41,2023-09-26 03:48:41,324
93,6,45,39,2023-10-26 12:05:06,2023-10-26 19:36:06,451
94,14,39,7,2023-10-16 22:21:15,2023-10-17 03:42:15,321
95,1,21,35,2023-10-15 12:08:03,2023-10-15 20:41:03,513
96,4,68,42,2023-09-01 14:46:27,2023-09-01 19:54:27,308
97,1,59,4,2023-10-04 08:55:11,2023-10-04 15:48:11,413
98,10,9,66,2023-10-06 09:04:09,2023-10-06 15:03:09,359
99,9,40,69,2023-10-29 10:49:36,2023-10-29 16:30:36,341
100,5,9,49,2023-10-23 14:11:38,2023-10-23 22:28:38,497
101,13,4,26,2023-09-27 13:06:47,2023-09-27 18:55:47,349
102,8,23,35,2023-10-16 16:17:27,2023-10-16 21:30:27,313
103,6,21,41,2023-09-19 02:29:27,2023-09-19 08:10:27,341
104,12,36,3,2023-10-01 22:22:09,2023-10-02 03:39:09,317
105,12,7,49,2023-10-05 04:01:23,2023-10-05 09:37:23,336
106,1,59,46,2023-09-21 11:41:19,2023-09-21 17:54:19,373
107,3,50,20,2023-10-26 23:56:59,2023-10-27 07:59:59,483
108,10,19,62,2023-09-21 11:44:39,2023-09-21 20:34:39,530
109,8,10,23,2023-10-12 17:06:00,2023-10-13 01:03:00,477
110,1,18,54,2023-10-25 15:03:01,2023-10-25 22:22:01,439
111,13,60,35,2023-09-28 12:31:06,2023-09-28 18:39:06,368
112,8,56,43,2023-10-12 00:49:05,2023-10-12 08:23:05,454
113,7,7,45,2023-09-13 01:41:39,2023-09-13 08:11:39,390
114,2,74,33,2023-09-13 07:03:23,2023-09-13 13:34:23,391
115,8,61,4,2023-09-02 09:12:11,2023-09-02 15:52:11,400
116,10,61,9,2023-09-15 22:09:08,2023-09-16 05:25:08,436
117,9,23,63,2023-10-01 21:11:39,2023-10-02 03:59:39,408
118,5,16,51,2023-10-07 15:22:02,2023-10-07 22:38:02,436
119,5,58,19,2023-10-13 12:18:07,2023-10-13 17:53:07,335
120,6,75,48,2023-10-07 16:48:36,2023-10-07 23:28:36,400
121,7,70,43,2023-10-01 14:47:31,2023-10-01 20:33:31,346
122,14,12,63,2023-09-08 05:25:28,2023-09-08 12:50:28,445
123,13,25,69,2023-10-10 03:03:30,2023-10-10 10:26:30,443
124,2,68,9,2023-09-09 16:11:46,2023-09-09 23:28:46,437
125,6,30,10,2023-09-27 05:17:21,2023-09-27 14:03:21,526
126,9,53,66,2023-09-07 21:22:06,2023-09-08 04:10:06,408
127,7,23,52,2023-10-26 14:06:41,2023-10-26 21:47:41,461
128,9,50,1,2023-10-16 21:23:40,2023-10-17 02:31:40,308
129,9,41,24,2023-09-15 18:26:37,2023-09-16 00:53:37,387
130,8,69,38,2023-09-05 02:48:29,2023-09-05 10:15:29,447
131,1,23,56,2023-09-26 05:31:44,2023-09-26 14:02:44,511
132,5,54,2,2023-10-23 13:33:02,2023-10-23 18:55:02,322
133,1,35,2,2023-09-23 23:52:44,2023-09-24 06:28:44,396
134,10,50,43,2023-10-22 10:25:13,2023-10-22 16:44:13,379
135,1,3,11,2023-09-18 00:17:34,2023-09-18 07:03:34,406
136,1,38,32,2023-09-22 02:55:59,2023-09-22 09:57:59,422
137,13,67,15,2023-10-10 07:22:44,2023-10-10 15:17:44,475
138,10,60,57,2023-09-09 07:04:37,2023-09-09 13:50:37,406
139,4,22,7,2023-09-06 00:04:49,2023-09-06 07:33:49,449
140,8,31,74,2023-09-06 01:55:19,2023-09-06 07:25:19,330
141,10,48,73,2023-10-17 12:59:51,2023-10-17 18:45:51,346
142,13,66,16,2023-10-07 01:51:40,2023-10-07 07:16:40,325
143,3,4,43,2023-09-19 10:14:12,2023-09-19 18:54:12,520
144,10,15,67,2023-10-06 23:43:00,2023-10-07 06:43:00,420
145,4,55,13,2023-09-13 06:46:08,2023-09-13 13:09:08,383
146,4,38,41,2023-10-01 11:50:49,2023-10-01 18:15:49,385
147,9,21,51,2023-09-28 10:14:06,2023-09-28 18:45:06,511
148,13,26,46,2023-09-18 10:05:01,2023-09-18 16:43:01,398
149,11,10,70,2023-09-30 03:47:47,2023-09-30 08:52:47,305
150,6,55,74,2023-10-09 00:51:44,2023-10-09 07:32:44,401
151,6,31,47,2023-09-20 07:52:20,2023-09-20 16:28:20,516
152,2,6,67,2023-09-11 14:47:26,2023-09-11 20:49:26,362
153,3,6,44,2023-10-25 15:49:08,2023-10-25 22:53:08,424
154,5,51,75,2023-09-13 19:45:20,2023-09-14 00:45:20,300
155,4,29,31,2023-10-29 17:03:14,2023-10-29 22:18:14,315
156,13,75,18,2023-10-04 16:55:44,2023-10-04 23:16:44,381
157,13,63,17,2023-10-22 11:07:40,2023-10-22 19:56:40,529
158,7,26,52,2023-10-07 21:50:28,2023-10-08 06:03:28,493
159,5,58,32,2023-09-30 12:23:45,2023-09-30 20:37:45,494
160,14,65,18,2023-10-20 01:06:46,2023-10-20 07:47:46,401
161,6,55,27,2023-09-12 21:30:56,2023-09-13 03:59:56,389
162,8,40,7,2023-09-06 07:00:24,2023-09-06 13:21:24,381
163,1,40,1,2023-10-06 11:39:27,2023-10-06 17:02:27,323
164,1,64,49,2023-09-14 08:06:02,2023-09-14 13:41:02,335
165,6,56,57,2023-10-22 18:18:38,2023-10-23 01:25:38,427
166,11,35,64,2023-09-10 02:07:44,2023-09-10 10:40:44,513
167,11,14,2,2023-09-08 20:59:18,2023-09-09 03:05:18,366
168,10,59,61,2023-09-11 13:21:44,2023-09-11 18:42:44,321
169,2,49,68,2023-09-11 05:29:46,2023-09-11 10:35:46,306
170,5,5,61,2023-09-05 19:51:30,2023-09-06 03:43:30,472
171,5,27,30,2023-10-03 05:09:37,2023-10-03 10:40:37,331
172,5,64,75,2023-10-06 11:40:58,2023-10-06 18:34:58,414
173,14,47,56,2023-09-03 07:46:33,2023-09-03 12:48:33,302
174,8,23,27,2023-09-01 08:34:44,2023-09-01 17:11:44,517
175,11,15,22,2023-10-23 06:59:25,2023-10-23 12:28:25,329
176,11,7,41,2023-09-14 23:04:40,2023-09-15 07:08:40,484
177,3,17,2,2023-10-15 10:36:36,2023-10-15 18:32:36,476
178,8,51,74,2023-10-15 08:40:30,2023-10-15 13:58:30,318
179,8,45,39,2023-10-19 16:59:57,2023-10-20 01:36:57,517
180,13,75,44,2023-10-17 10:51:33,2023-10-17 18:12:33,441
181,12,27,47,2023-09-08 11:30:03,2023-09-08 20:07:03,517
182,10,59,24,2023-09-26 23:22:29,2023-09-27 04:51:29,329
183,7,53,62,2023-10-29 16:12:20,2023-10-29 22:57:20,405
184,1,46,48,2023-10-01 07:49:25,2023-10-01 13:32:25,343
185,13,51,62,2023-10-06 16:34:23,2023-10-06 23:13:23,399
186,10,1,12,2023-10-22 12:49:50,2023-10-22 19:34:50,405
187,13,23,13,2023-10-22 09:38:01,2023-10-22 17:14:01,456
188,13,72,23,2023-10-13 08:52:28,2023-10-13 14:25:28,333
189,8,56,61,2023-10-24 21:00:43,2023-10-25 04:44:43,464
190,12,46,56,2023-09-11 01:58:53,2023-09-11 08:43:53,405
191,3,47,69,2023-09-21 08:04:59,2023-09-21 16:51:59,527
192,11,46,32,2023-10-14 16:59:40,2023-10-15 01:12:40,493
193,12,55,63,2023-10-21 11:33:19,2023-10-21 17:44:19,371
194,4,30,33,2023-10-09 18:59:58,2023-10-10 00:51:58,352
195,9,49,40,2023-10-03 12:49:39,2023-10-03 19:27:39,398
196,12,14,58,2023-09-29 10:23:12,2023-09-29 16:58:12,395
197,9,27,29,2023-10-02 14:52:40,2023-10-02 19:58:40,306
198,3,11,24,2023-09-26 15:47:10,2023-09-26 22:31:10,404
199,9,52,57,2023-09-08 20:35:15,2023-09-09 03:41:15,426
200,2,44,8,2023-10-18 16:38:33,2023-10-18 23:25:33,407
201,12,26,64,2023-10-05 11:16:48,2023-10-05 16:54:48,338
202,13,51,53,2023-10-26 06:15:43,2023-10-26 13:19:43,424
203,9,52,2,2023-10-23 14:25:30,2023-10-23 19:37:30,312
204,14,20,23,2023-09-05 14:19:50,2023-09-05 21:18:50,419
205,12,58,15,2023-09-29 14:14:39,2023-09-29 19:55:39,341
206,2,33,30,2023-10-26 13:12:03,2023-10-26 21:00:03,468
207,4,70,37,2023-09-10 16:53:49,2023-09-10 22:37:49,344
208,8,23,44,2023-10-03 17:54:20,2023-10-03 23:51:20,357
209,10,29,24,2023-09-25 14:49:32,2023-09-25 22:18:32,449
210,11,37,22,2023-10-16 07:27:20,2023-10-16 13:10:20,343
211,13,5,73,2023-09-05 02:56:52,2023-09-05 10:39:52,463
212,3,73,41,2023-09-28 09:54:48,2023-09-28 18:09:48,495
213,8,56,55,2023-10-25 19:22:17,2023-10-26 03:58:17,516
214,14,68,37,2023-10-23 23:50:16,2023-10-24 08:17:16,507
215,12,63,10,2023-09-28 16:06:57,2023-09-28 22:30:57,384
216,5,26,55,2023-09-17 11:06:08,2023-09-17 16:33:08,327
217,6,3,64,2023-10-25 05:43:07,2023-10-25 13:26:07,463
218,4,39,34,2023-10-11 18:31:49,2023-10-12 01:26:49,415
219,3,27,38,2023-10-18 06:38:41,2023-10-18 12:27:41,349
220,13,57,60,2023-10-12 01:20:00,2023-10-12 07:11:00,351
221,1,54,6,2023-09-18 19:40:35,2023-09-19 04:27:35,527
222,10,21,67,2023-10-01 20:53:59,2023-10-02 03:29:59,396
223,8,73,2,2023-09-27 13:06:58,2023-09-27 21:55:58,529
224,9,6,75,2023-09-28 18:26:45,2023-09-29 00:25:45,359
225,13,63,31,2023-10-15 03:10:46,2023-10-15 09:59:46,409
226,6,7,16,2023-09-28 07:44:37,2023-09-28 15:27:37,463
227,14,42,74,2023-10-20 16:41:32,2023-10-20 21:45:32,304
228,11,55,41,2023-10-11 04:30:25,2023-10-11 10:28:25,358
229,13,75,20,2023-10-27 07:21:46,2023-10-27 16:08:46,527
230,2,70,54,2023-10-13 11:24:11,2023-10-13 18:26:11,422
231,3,31,62,2023-09-06 11:11:04,2023-09-06 19:26:04,495
232,5,15,59,2023-09-03 07:53:39,2023-09-03 14:31:39,398
233,7,5,33,2023-09-07 07:13:56,2023-09-07 15:50:56,517
234,3,15,40,2023-10-14 15:18:20,2023-10-14 23:32:20,494
235,7,58,36,2023-09-24 23:16:42,2023-09-25 07:45:42,509
236,9,7,55,2023-09-15 09:37:57,2023-09-15 16:45:57,428
237,5,13,38,2023-09-27 01:35:11,2023-09-27 09:12:11,457
238,6,13,34,2023-09-30 00:25:19,2023-09-30 05:45:19,320
239,2,6,64,2023-10-23 10:11:44,2023-10-23 16:00:44,349
240,5,66,29,2023-10-04 18:19:32,2023-10-05 03:15:32,536
241,8,29,5,2023-10-21 15:05:59,2023-10-21 20:55:59,350
242,2,33,75,2023-09-08 22:25:19,2023-09-09 06:35:19,490
243,5,49,50,2023-09-12 23:45:26,2023-09-13 07:21:26,456
244,2,11,74,2023-10-03 16:05:39,2023-10-03 22:33:39,388
245,3,51,28,2023-09-12 15:38:22,2023-09-13 00:14:22,516
246,12,64,19,2023-10-25 20:50:41,2023-10-26 04:03:41,433
247,12,25,42,2023-09-09 22:59:23,2023-09-10 04:54:23,355
248,5,68,74,2023-10-02 14:41:02,2023-10-02 20:20:02,339
249,4,50,54,2023-09-08 02:59:55,2023-09-08 11:55:55,536
250,10,47,26,2023-09-21 16:57:57,2023-09-22 00:12:57,435
251,14,50,23,2023-10-23 15:32:07,2023-10-24 00:10:07,518
252,10,18,25,2023-10-19 21:03:23,2023-10-20 05:29:23,506
253,8,45,49,2023-09-11 23:25:13,2023-09-12 07:03:13,458
254,8,9,1,2023-10-05 20:40:23,2023-10-06 04:09:23,449
255,4,67,4,2023-10-18 09:11:40,2023-10-18 16:57:40,466
256,14,73,2,2023-10-26 19:45:05,2023-10-27 04:08:05,503
257,3,13,36,2023-10-28 13:23:10,2023-10-28 21:13:10,470
258,14,9,36,2023-09-21 21:05:39,2023-09-22 04:22:39,437
259,6,52,61,2023-10-26 15:22:38,2023-10-26 22:55:38,453
260,3,19,9,2023-10-02 10:20:22,2023-10-02 18:32:22,492
261,3,36,15,2023-09-19 08:20:00,2023-09-19 14:02:00,342
262,1,50,3,2023-09-03 02:51:49,2023-09-03 10:39:49,468
263,4,45,35,2023-10-21 20:27:53,2023-10-22 03:14:53,407
264,5,29,43,2023-10-13 13:42:51,2023-10-13 20:10:51,388
265,8,27,74,2023-10-12 18:01:36,2023-10-13 01:39:36,458
266,12,29,26,2023-10-08 05:13:33,2023-10-08 13:08:33,475
267,11,18,52,2023-09-21 06:47:53,2023-09-21 11:51:53,304
268,10,40,27,2023-09-15 00:49:02,2023-09-15 08:58:02,489
269,2,70,2,2023-09-03 08:29:34,2023-09-03 15:46:34,437
270,8,10,67,2023-10-01 01:52:46,2023-10-01 07:29:46,337
271,4,28,26,2023-09-03 23:08:11,2023-09-04 06:31:11,443
272,11,51,70,2023-10-24 01:19:55,2023-10-24 10:06:55,527
273,9,14,13,2023-10-21 17:26:18,2023-10-22 00:19:18,413
274,2,56,65,2023-10-14 14:14:52,2023-10-14 21:46:52,452
275,3,50,12,2023-10-11 01:39:23,2023-10-11 10:08:23,509
276,1,41,74,2023-10-02 16:32:12,2023-10-02 22:36:12,364
277,9,16,1,2023-09-09 07:01:15,2023-09-09 12:43:15,342
278,5,1,39,2023-09-05 04:47:09,2023-09-05 10:49:09,362
279,6,15,66,2023-09-01 03:07:10,2023-09-01 12:02:10,535
280,4,67,19,2023-10-18 20:09:29,2023-10-19 03:41:29,452
281,14,14,47,2023-10-19 07:49:57,2023-10-19 13:03:57,314
282,14,34,66,2023-10-04 00:04:35,2023-10-04 05:43:35,339
283,2,52,66,2023-09-06 03:06:50,2023-09-06 10:11:50,425
284,7,53,45,2023-09-10 09:05:10,2023-09-10 16:01:10,416
285,10,75,73,2023-10-20 19:11:45,2023-10-21 04:07:45,536
286,2,46,9,2023-09-14 22:24:22,2023-09-15 06:24:22,480
287,6,6,19,2023-10-05 12:20:27,2023-10-05 18:44:27,384
288,8,26,32,2023-10-03 03:44:39,2023-10-03 12:30:39,526
289,2,33,45,2023-09-07 23:43:27,2023-09-08 07:38:27,475
290,1,21,66,2023-10-22 02:06:06,2023-10-22 07:10:06,304
291,12,54,42,2023-10-09 04:07:51,2023-10-09 11:24:51,437
292,6,60,36,2023-10-24 07:53:16,2023-10-24 12:54:16,301
293,12,59,5,2023-10-20 17:26:05,2023-10-21 01:37:05,491
294,10,37,73,2023-09-09 08:24:20,2023-09-09 16:53:20,509
295,10,34,23,2023-10-05 09:42:46,2023-10-05 16:24:46,402
296,8,73,13,2023-09-09 02:19:45,2023-09-09 09:50:45,451
297,5,53,64,2023-09-04 10:55:43,2023-09-04 16:30:43,335
298,11,58,37,2023-10-29 19:35:26,2023-10-30 00:38:26,303
299,13,63,14,2023-10-10 22:19:25,2023-10-11 03:34:25,315
300,3,47,67,2023-10-06 16:47:57,2023-10-06 23:06:57,379
301,14,53,69,2023-10-15 12:17:32,2023-10-15 20:05:32,468
302,7,37,30,2023-09-07 08:13:27,2023-09-07 14:34:27,381
303,11,29,57,2023-09-09 17:38:00,2023-09-09 22:55:00,317
304,9,53,40,2023-09-21 16:12:41,2023-09-21 23:54:41,462
305,6,60,24,2023-10-01 14:27:02,2023-10-01 23:09:02,522
306,14,22,51,2023-10-08 02:54:13,2023-10-08 09:54:13,420
307,13,8,22,2023-10-05 01:49:45,2023-10-05 09:16:45,447
308,3,21,9,2023-10-27 02:01:02,2023-10-27 09:08:02,427
309,8,4,35,2023-10-29 21:14:39,2023-10-30 05:00:39,466
310,2,5,27,2023-09-04 03:10:51,2023-09-04 10:37:51,447
311,7,58,72,2023-10-14 22:44:35,2023-10-15 04:42:35,358
312,12,72,15,2023-10-08 07:55:59,2023-10-08 15:50:59,475
313,10,42,66,2023-09-08 08:52:07,2023-09-08 16:14:07,442
314,1,8,73,2023-09-14 17:11:41,2023-09-14 23:27:41,376
315,2,1,55,2023-09-10 00:41:36,2023-09-10 06:13:36,332
316,3,53,73,2023-10-17 18:30:59,2023-10-18 02:39:59,489
317,8,16,23,2023-09-22 03:21:15,2023-09-22 09:59:15,398
318,6,75,60,2023-10-04 02:30:26,2023-10-04 09:27:26,417
319,10,51,15,2023-10-03 07:30:34,2023-10-03 16:21:34,531
320,10,58,60,2023-10-24 17:09:24,2023-10-25 01:42:24,513
321,4,66,53,2023-09-03 20:40:26,2023-09-04 05:14:26,514
322,5,47,13,2023-09-05 16:35:55,2023-09-06 01:23:55,528
323,1,53,55,2023-10-28 10:18:49,2023-10-28 17:59:49,461
324,3,55,37,2023-09-28 02:56:03,2023-09-28 10:34:03,458
325,13,62,50,2023-10-19 16:57:35,2023-10-20 00:30:35,453
326,2,21,10,2023-09-21 05:27:35,2023-09-21 13:24:35,477
327,10,17,71,2023-09-02 10:36:45,2023-09-02 18:41:45,485
328,7,8,29,2023-10-03 07:52:24,2023-10-03 15:21:24,449
329,14,26,44,2023-10-05 17:46:00,2023-10-06 00:02:00,376
330,8,6,59,2023-09-07 04:12:33,2023-09-07 09:17:33,305
331,9,18,72,2023-09-06 12:03:36,2023-09-06 20:09:36,486
332,5,44,21,2023-09-20 20:54:24,2023-09-21 02:41:24,347
333,14,64,32,2023-09-20 00:08:29,2023-09-20 08:21:29,493
334,7,17,41,2023-10-29 16:03:48,2023-10-29 22:22:48,379
335,14,67,66,2023-10-12 01:40:07,2023-10-12 08:41:07,421
336,2,60,7,2023-09-02 13:51:08,2023-09-02 19:55:08,364
337,9,39,65,2023-09-10 12:07:45,2023-09-10 20:13:45,486
338,11,2,24,2023-09-27 18:02:02,2023-09-28 02:15:02,493
339,13,71,52,2023-09-19 02:44:14,2023-09-19 09:42:14,418
340,13,11,47,2023-10-18 05:36:05,2023-10-18 11:45:05,369
341,14,59,54,2023-09-17 10:45:12,2023-09-17 19:44:12,539
342,5,9,21,2023-09-23 03:13:01,2023-09-23 10:13:01,420
343,4,71,12,2023-09-29 22:31:04,2023-09-30 06:04:04,453
344,3,18,64,2023-10-15 19:26:41,2023-10-16 03:11:41,465
345,12,60,45,2023-10-29 12:26:50,2023-10-29 21:06:50,520
346,8,45,71,2023-10-22 12:23:13,2023-10-22 18:52:13,389
347,8,11,59,2023-09-20 17:22:22,2023-09-21 01:07:22,465
348,1,3,30,2023-10-15 06:50:41,2023-10-15 12:34:41,344
349,11,52,56,2023-09-04 07:06:18,2023-09-04 14:35:18,449
350,10,48,74,2023-09-13 21:34:00,2023-09-14 04:56:00,442
351,14,44,2,2023-09-30 23:05:10,2023-10-01 05:08:10,363
352,4,63,37,2023-10-12 11:47:00,2023-10-12 18:40:00,413
353,13,26,31,2023-09-20 00:14:02,2023-09-20 06:27:02,373
354,3,2,71,2023-09-23 01:37:52,2023-09-23 07:05:52,328
355,11,58,29,2023-09-18 08:54:51,2023-09-18 16:41:51,467
356,14,22,15,2023-09-18 06:53:14,2023-09-18 13:50:14,417
357,12,40,28,2023-09-25 08:13:01,2023-09-25 16:25:01,492
358,6,16,72,2023-09-25 04:26:47,2023-09-25 11:56:47,450
359,2,61,53,2023-09-15 22:57:41,2023-09-16 05:16:41,379
360,12,47,66,2023-10-12 12:30:04,2023-10-12 21:26:04,536
361,9,5,16,2023-10-20 12:50:31,2023-10-20 17:52:31,302
362,7,21,67,2023-10-26 04:45:04,2023-10-26 13:10:04,505
363,8,75,56,2023-09-17 13:52:20,2023-09-17 20:10:20,378
364,9,57,65,2023-10-21 08:46:07,2023-10-21 17:19:07,513
365,5,65,66,2023-10-09 17:39:54,2023-10-09 22:45:54,306
366,6,73,25,2023-09-30 12:45:44,2023-09-30 18:06:44,321
367,5,26,43,2023-09-25 19:35:32,2023-09-26 02:43:32,428
368,8,28,15,2023-10-05 22:33:22,2023-10-06 03:41:22,308
369,9,74,35,2023-09-02 10:12:16,2023-09-02 17:30:16,438
370,7,62,40,2023-10-16 17:25:52,2023-10-16 23:12:52,347
371,14,19,58,2023-10-05 17:42:59,2023-10-06 00:20:59,398
372,11,43,27,2023-09-19 13:53:03,2023-09-19 19:42:03,349
373,12,37,39,2023-10-29 21:53:54,2023-10-30 06:53:54,540
374,1,52,40,2023-09-26 10:21:01,2023-09-26 17:44:01,443
375,2,13,5,2023-09-23 15:21:19,2023-09-23 22:59:19,458
376,6,8,71,2023-10-21 17:54:31,2023-10-22 02:34:31,520
377,3,30,2,2023-09-26 00:47:58,2023-09-26 06:51:58,364
378,7,58,72,2023-10-19 09:31:45,2023-10-19 17:26:45,475
379,9,59,23,2023-09-29 12:10:18,2023-09-29 21:05:18,535
380,10,47,62,2023-09-05 18:27:30,2023-09-05 23:55:30,328
381,11,6,5,2023-09-24 23:31:01,2023-09-25 05:22:01,351
382,10,48,38,2023-10-23 23:34:44,2023-10-24 05:32:44,358
383,3,25,44,2023-09-23 08:33:39,2023-09-23 15:22:39,409
384,7,65,1,2023-09-18 14:23:40,2023-09-18 22:15:40,472
385,9,38,34,2023-09-16 14:41:04,2023-09-16 21:31:04,410
386,8,69,46,2023-09-22 05:49:04,2023-09-22 13:45:04,476
387,6,15,20,2023-09-25 16:39:56,2023-09-26 01:32:56,533
388,7,19,38,2023-10-08 02:38:16,2023-10-08 09:50:16,432
389,12,17,18,2023-10-11 23:53:38,2023-10-12 08:51:38,538
390,6,75,23,2023-10-27 19:13:32,2023-10-28 01:48:32,395
391,9,25,28,2023-10-26 10:25:25,2023-10-26 15:26:25,301
392,7,13,5,2023-09-07 01:08:54,2023-09-07 07:23:54,375
393,11,27,56,2023-09-24 12:03:23,2023-09-24 17:45:23,342
394,12,71,22,2023-10-13 02:33:12,2023-10-13 09:14:12,401
395,7,60,54,2023-09-08 09:51:21,2023-09-08 18:25:21,514
396,10,11,31,2023-09-07 00:25:55,2023-09-07 09:20:55,535
397,14,74,68,2023-09-22 04:02:12,2023-09-22 12:04:12,482
398,5,54,41,2023-10-13 06:00:55,2023-10-13 13:42:55,462
399,1,47,32,2023-10-06 22:06:26,2023-10-07 06:58:26,532
400,5,35,36,2023-09-02 10:13:55,2023-09-02 15:39:55,326
401,11,55,70,2023-09-28 17:46:34,2023-09-29 01:17:34,451
402,7,39,24,2023-09-16 19:28:51,2023-09-17 03:36:51,488
403,1,47,34,2023-10-07 20:54:28,2023-10-08 04:38:28,464
404,14,75,42,2023-10-11 06:21:28,2023-10-11 11:42:28,321
405,9,5,46,2023-09-15 12:26:11,2023-09-15 20:52:11,506
406,8,30,39,2023-09-30 09:06:05,2023-09-30 15:44:05,398
407,3,13,14,2023-10-20 04:40:50,2023-10-20 10:07:50,327
408,2,26,64,2023-09-21 13:22:08,2023-09-21 22:04:08,522
409,6,42,59,2023-09-27 08:10:26,2023-09-27 16:39:26,509
410,3,60,56,2023-09-05 01:17:06,2023-09-05 06:31:06,314
411,4,32,43,2023-10-04 03:56:23,2023-10-04 12:26:23,510
412,11,40,10,2023-10-13 06:01:02,2023-10-13 14:19:02,498
413,4,74,4,2023-09-15 16:56:50,2023-09-16 00:32:50,456
414,12,71,19,2023-09-02 00:10:27,2023-09-02 08:36:27,506
415,12,59,65,2023-09-18 08:55:16,2023-09-18 16:06:16,431
416,3,32,41,2023-09-23 11:47:34,2023-09-23 20:42:34,535
417,3,28,62,2023-10-02 15:24:28,2023-10-02 20:54:28,330
418,4,67,48,2023-10-03 19:28:48,2023-10-04 01:12:48,344
419,1,8,11,2023-09-13 05:30:10,2023-09-13 13:19:10,469
420,6,29,51,2023-10-01 09:26:26,2023-10-01 18:15:26,529
421,11,50,37,2023-10-12 04:47:51,2023-10-12 10:01:51,314
422,7,36,57,2023-10-28 02:57:17,2023-10-28 08:50:17,353
423,7,71,20,2023-09-12 16:46:40,2023-09-12 22:59:40,373
424,9,64,16,2023-09-23 18:47:24,2023-09-24 00:39:24,352
425,5,51,25,2023-09-10 19:09:32,2023-09-11 02:55:32,466
426,12,34,46,2023-10-12 01:37:02,2023-10-12 06:51:02,314
427,12,23,8,2023-09-29 17:53:17,2023-09-30 00:20:17,387
428,3,60,32,2023-09-26 09:46:22,2023-09-26 17:44:22,478
429,13,73,42,2023-10-22 00:22:22,2023-10-22 08:04:22,462
430,2,22,42,2023-09-01 02:22:55,2023-09-01 10:58:55,516
431,1,25,59,2023-10-12 21:48:31,2023-10-13 06:02:31,494
432,9,7,52,2023-09-16 00:19:02,2023-09-16 05:50:02,331
433,13,3,35,2023-10-28 20:50:49,2023-10-29 02:25:49,335
434,2,11,37,2023-09-22 14:41:30,2023-09-22 21:02:30,381
435,4,63,12,2023-10-26 13:05:29,2023-10-26 19:16:29,371
436,3,3,7,2023-10-10 14:06:46,2023-10-10 21:27:46,441
437,12,39,44,2023-09-27 04:52:06,2023-09-27 13:33:06,521
438,8,37,41,2023-10-02 02:39:59,2023-10-02 08:04:59,325
439,14,37,57,2023-10-08 05:18:51,2023-10-08 10:58:51,340
440,6,38,46,2023-09-09 21:04:44,2023-09-10 02:46:44,342
441,2,31,44,2023-10-24 00:24:26,2023-10-24 05:31:26,307
442,7,38,46,2023-09-07 14:42:36,2023-09-07 20:56:36,374
443,14,54,14,2023-10-19 12:31:42,2023-10-19 18:49:42,378
444,12,75,28,2023-10-23 20:22:20,2023-10-24 03:13:20,411
445,10,53,42,2023-09-08 02:17:43,2023-09-08 08:21:43,364
446,13,71,51,2023-10-08 09:40:44,2023-10-08 18:13:44,513
447,13,22,19,2023-10-17 14:19:44,2023-10-17 22:53:44,514
448,5,73,17,2023-09-01 07:46:45,2023-09-01 15:42:45,476
449,10,30,51,2023-10-16 22:43:41,2023-10-17 07:38:41,535
450,10,25,17,2023-09-17 08:50:35,2023-09-17 16:45:35,475
451,14,16,9,2023-10-05 12:01:20,2023-10-05 17:16:20,315
452,8,14,68,2023-10-10 23:35:37,2023-10-11 07:56:37,501
453,8,20,74,2023-10-25 03:15:31,2023-10-25 09:54:31,399
454,1,56,41,2023-10-21 09:46:31,2023-10-21 16:38:31,412
455,8,50,45,2023-10-02 05:30:58,2023-10-02 13:27:58,477
456,2,50,10,2023-10-21 11:44:03,2023-10-21 20:34:03,530
457,7,24,38,2023-09-09 08:05:29,2023-09-09 14:13:29,368
458,11,59,24,2023-10-28 04:19:24,2023-10-28 11:15:24,416
459,4,4,72,2023-10-21 17:41:05,2023-10-22 01:01:05,440
460,9,32,43,2023-09-04 06:26:38,2023-09-04 12:10:38,344
461,9,29,30,2023-09-29 19:54:22,2023-09-30 04:49:22,535
462,7,71,14,2023-10-01 18:33:44,2023-10-02 02:12:44,459
463,6,71,20,2023-10-23 21:38:34,2023-10-24 04:05:34,387
464,9,69,30,2023-10-05 23:46:57,2023-10-06 05:44:57,358
465,14,68,61,2023-09-02 00:19:28,2023-09-02 07:27:28,428
466,4,21,22,2023-10-25 12:37:16,2023-10-25 21:25:16,528
467,4,36,28,2023-09-18 20:31:30,2023-09-19 03:50:30,439
468,6,2,54,2023-10-05 01:23:21,2023-10-05 06:31:21,308
469,5,29,45,2023-09-26 01:55:57,2023-09-26 10:31:57,516
470,1,16,7,2023-10-09 11:08:33,2023-10-09 16:51:33,343
471,4,62,51,2023-10-07 12:50:03,2023-10-07 20:59:03,489
472,5,17,27,2023-10-29 09:07:43,2023-10-29 18:04:43,537
473,13,14,33,2023-09-12 05:22:17,2023-09-12 13:47:17,505
474,4,67,57,2023-10-03 14:29:43,2023-10-03 19:48:43,319
475,6,51,75,2023-10-09 19:02:58,2023-10-10 03:49:58,527
476,7,53,26,2023-09-21 03:49:48,2023-09-21 08:57:48,308
477,10,50,67,2023-10-25 03:18:17,2023-10-25 08:56:17,338
478,1,47,4,2023-10-25 18:43:28,2023-10-26 01:11:28,388
479,3,20,2,2023-09-02 08:49:58,2023-09-02 16:27:58,458
480,12,50,61,2023-09-24 09:11:39,2023-09-24 14:51:39,340
481,2,49,7,2023-09-12 13:29:16,2023-09-12 18:40:16,311
482,9,45,69,2023-10-21 19:17:19,2023-10-22 01:39:19,382
483,6,55,20,2023-09-27 07:24:55,2023-09-27 12:48:55,324
484,3,13,58,2023-10-07 01:15:22,2023-10-07 08:38:22,443
485,2,15,7,2023-09-28 20:34:49,2023-09-29 01:55:49,321
486,1,17,1,2023-10-05 00:44:56,2023-10-05 08:23:56,459
487,9,72,53,2023-10-05 10:02:55,2023-10-05 15:33:55,331
488,2,12,54,2023-10-07 08:48:30,2023-10-07 17:45:30,537
489,11,58,45,2023-10-01 08:43:03,2023-10-01 14:10:03,327
490,6,31,32,2023-09-01 07:53:56,2023-09-01 15:59:56,486
491,7,68,39,2023-10-25 05:39:16,2023-10-25 14:03:16,504
492,3,66,13,2023-10-07 00:50:56,2023-10-07 06:15:56,325
493,8,74,46,2023-09-25 05:51:31,2023-09-25 11:27:31,336
494,14,70,44,2023-10-12 13:05:51,2023-10-12 19:46:51,401
495,8,35,33,2023-09-07 23:42:38,2023-09-08 08:21:38,519
496,13,46,10,2023-09-09 21:48:38,2023-09-10 04:28:38,400
497,2,14,74,2023-09-14 13:49:28,2023-09-14 21:12:28,443
498,12,74,52,2023-09-21 08:04:01,2023-09-21 14:50:01,406
499,2,39,10,2023-09-10 02:26:46,2023-09-10 09:23:46,417
500,12,66,42,2023-10-01 15:02:15,2023-10-01 20:34:15,332
501,14,6,39,2023-10-04 13:39:51,2023-10-04 21:53:51,494
502,4,36,33,2023-09-13 05:16:12,2023-09-13 14:13:12,537
503,3,2,4,2023-09-27 11:34:45,2023-09-27 17:08:45,334
504,5,7,72,2023-09-27 04:10:27,2023-09-27 09:32:27,322
505,4,48,52,2023-10-27 20:06:46,2023-10-28 04:19:46,493
506,8,31,19,2023-10-11 23:28:00,2023-10-12 04:51:00,323
507,6,11,64,2023-10-22 20:13:22,2023-10-23 03:13:22,420
508,4,74,19,2023-09-19 23:51:06,2023-09-20 04:52:06,301
509,12,46,23,2023-10-06 00:31:58,2023-10-06 07:12:58,401
510,5,74,16,2023-09-16 09:46:50,2023-09-16 17:21:50,455
511,13,21,4,2023-09-14 09:56:09,2023-09-14 17:11:09,435
512,3,50,24,2023-10-09 04:59:33,2023-10-09 11:07:33,368
513,11,5,27,2023-10-21 13:29:11,2023-10-21 20:17:11,408
514,14,44,29,2023-10-09 09:56:06,2023-10-09 15:15:06,319
515,6,28,73,2023-09-10 01:23:18,2023-09-10 09:04:18,461
516,13,34,11,2023-10-19 16:14:14,2023-10-19 22:50:14,396
517,2,21,50,2023-09-13 04:12:09,2023-09-13 10:32:09,380
518,5,8,18,2023-09-04 10:50:51,2023-09-04 18:09:51,439
519,10,70,50,2023-10-17 13:39:03,2023-10-17 19:16:03,337
520,13,70,3,2023-09-25 08:42:42,2023-09-25 14:45:42,363
521,11,32,46,2023-09-28 00:29:39,2023-09-28 07:11:39,402
522,7,11,18,2023-09-19 12:31:48,2023-09-19 18:37:48,366
523,3,47,38,2023-09-15 13:01:35,2023-09-15 18:32:35,331
524,8,13,5,2023-10-18 10:28:11,2023-10-18 17:02:11,394
525,13,2,58,2023-10-22 19:51:56,2023-10-23 04:12:56,501
526,13,69,73,2023-10-02 12:03:03,2023-10-02 17:23:03,320
527,10,68,11,2023-10-24 07:33:37,2023-10-24 12:48:37,315
528,4,19,36,2023-10-22 00:57:28,2023-10-22 09:32:28,515
529,7,58,33,2023-09-11 18:17:50,2023-09-12 02:52:50,515
530,13,19,35,2023-09-06 23:41:20,2023-09-07 06:41:20,420
531,5,53,17,2023-10-01 08:42:20,2023-10-01 16:43:20,481
532,8,8,73,2023-09-29 11:54:32,2023-09-29 17:34:32,340
533,10,61,74,2023-09-22 00:18:05,2023-09-22 05:43:05,325
534,11,18,60,2023-09-25 23:48:24,2023-09-26 07:04:24,436
535,3,45,35,2023-10-27 17:47:04,2023-10-28 02:30:04,523
536,8,26,73,2023-09-10 01:10:36,2023-09-10 08:11:36,421
537,2,4,51,2023-10-10 03:02:59,2023-10-10 08:56:59,354
538,3,61,52,2023-10-24 15:17:32,2023-10-25 00:11:32,534
539,10,11,14,2023-09-10 23:25:45,2023-09-11 07:52:45,507
540,13,14,67,2023-09-07 14:49:39,2023-09-07 22:11:39,442
541,10,35,21,2023-09-24 13:44:46,2023-09-24 18:47:46,303
542,13,29,39,2023-10-10 09:19:13,2023-10-10 15:43:13,384
543,8,17,23,2023-10-20 01:23:56,2023-10-20 08:23:56,420
544,6,14,32,2023-10-28 09:24:13,2023-10-28 15:45:13,381
545,8,44,60,2023-10-09 03:51:16,2023-10-09 12:15:16,504
546,12,4,52,2023-09-05 10:16:44,2023-09-05 16:44:44,388
547,6,44,33,2023-09-16 13:16:22,2023-09-16 19:34:22,378
548,10,9,26,2023-09-25 15:30:06,2023-09-25 23:01:06,451
549,12,37,25,2023-10-09 11:58:00,2023-10-09 18:53:00,415
550,2,46,48,2023-10-06 18:21:50,2023-10-07 01:22:50,421
551,14,54,62,2023-09-10 09:53:40,2023-09-10 17:30:40,457
552,11,66,1,2023-09-17 15:05:13,2023-09-17 20:14:13,309
553,6,58,67,2023-10-12 08:39:26,2023-10-12 15:02:26,383
554,4,40,47,2023-10-06 16:29:13,2023-10-06 21:42:13,313
555,8,54,33,2023-10-28 14:51:32,2023-10-28 20:10:32,319
556,2,3,49,2023-10-27 21:24:30,2023-10-28 03:54:30,390
557,11,39,64,2023-10-24 13:49:29,2023-10-24 19:51:29,362
558,10,3,58,2023-09-28 13:04:34,2023-09-28 19:54:34,410
559,12,69,33,2023-10-08 14:18:25,2023-10-08 21:10:25,412
560,9,16,72,2023-10-10 08:32:51,2023-10-10 17:32:51,540
561,2,7,42,2023-09-27 16:59:32,2023-09-27 23:10:32,371
562,13,56,16,2023-09-01 15:54:38,2023-09-01 22:23:38,389
563,1,54,56,2023-10-19 15:17:08,2023-10-19 21:29:08,372
564,1,57,27,2023-10-02 07:51:08,2023-10-02 16:06:08,495
565,6,9,10,2023-09-08 19:38:02,2023-09-09 00:51:02,313
566,8,57,54,2023-10-21 16:32:15,2023-10-22 01:21:15,529
567,1,19,66,2023-10-03 04:19:53,2023-10-03 12:34:53,495
568,9,29,63,2023-09-30 01:48:28,2023-09-30 07:00:28,312
569,13,62,33,2023-09-19 04:10:46,2023-09-19 12:55:46,525
570,12,28,46,2023-10-27 19:50:32,2023-10-28 02:08:32,378
571,1,63,39,2023-09-12 14:16:09,2023-09-12 21:27:09,431
572,5,5,17,2023-10-06 17:45:12,2023-10-07 02:41:12,536
573,12,4,61,2023-09-16 08:33:07,2023-09-16 17:33:07,540
574,1,22,19,2023-09-27 06:03:55,2023-09-27 12:16:55,373
575,5,62,20,2023-09-07 23:47:17,2023-09-08 05:41:17,354
576,1,11,66,2023-09-08 10:10:25,2023-09-08 17:35:25,445
577,7,24,66,2023-09-06 05:38:12,2023-09-06 14:32:12,534
578,5,48,63,2023-10-18 20:43:26,2023-10-19 02:32:26,349
579,8,4,5,2023-10-06 09:02:40,2023-10-06 15:21:40,379
580,1,66,40,2023-09-23 05:26:14,2023-09-23 12:21:14,415
581,8,29,70,2023-10-06 04:43:48,2023-10-06 11:47:48,424
582,11,19,13,2023-10-04 17:16:16,2023-10-05 00:10:16,414
583,12,30,61,2023-09-25 21:07:02,2023-09-26 04:10:02,423
584,14,44,49,2023-10-14 05:55:34,2023-10-14 11:32:34,337
585,9,49,65,2023-10-04 14:04:41,2023-10-04 20:05:41,361
586,4,9,72,2023-09-26 06:13:58,2023-09-26 14:16:58,483
587,7,6,43,2023-09-21 13:02:36,2023-09-21 18:55:36,353
588,13,48,64,2023-10-23 09:51:05,2023-10-23 18:15:05,504
589,8,58,53,2023-10-12 19:04:16,2023-10-13 01:38:16,394
590,6,29,10,2023-09-06 09:12:57,2023-09-06 14:58:57,346
591,13,42,40,2023-09-22 16:48:52,2023-09-22 21:58:52,310
592,10,56,73,2023-10-09 06:30:56,2023-10-09 14:21:56,471
593,9,7,47,2023-10-18 04:10:49,2023-10-18 09:15:49,305
594,4,17,8,2023-09-09 15:02:39,2023-09-09 21:04:39,362
595,5,32,18,2023-09-13 15:29:39,2023-09-14 00:14:39,525
596,7,66,54,2023-09-14 19:47:58,2023-09-15 01:23:58,336
597,13,30,48,2023-09-14 11:28:58,2023-09-14 19:31:58,483
598,13,31,65,2023-10-18 17:31:16,2023-10-18 23:08:16,337
599,8,1,59,2023-10-05 08:20:04,2023-10-05 14:45:04,385
600,2,31,73,2023-10-17 07:04:08,2023-10-17 14:27:08,443
601,10,12,2,2023-10-03 03:11:34,2023-10-03 10:17:34,426
602,7,31,39,2023-10-04 08:38:44,2023-10-04 14:22:44,344
603,2,16,27,2023-09-15 14:23:31,2023-09-15 20:16:31,353
604,8,75,59,2023-09-10 09:52:06,2023-09-10 18:22:06,510
605,3,25,66,2023-10-04 05:59:23,2023-10-04 12:06:23,367
606,11,63,5,2023-09-08 00:43:51,2023-09-08 06:58:51,375
607,14,30,8,2023-10-13 02:11:40,2023-10-13 10:27:40,496
608,10,14,28,2023-09-14 23:27:31,2023-09-15 08:17:31,530
609,1,45,57,2023-09-13 16:05:28,2023-09-14 00:51:28,526
610,5,73,55,2023-09-18 01:52:34,2023-09-18 07:40:34,348
611,14,12,71,2023-10-03 19:36:22,2023-10-04 02:39:22,423
612,5,30,52,2023-10-26 23:51:17,2023-10-27 05:54:17,363
613,10,10,50,2023-09-07 23:10:55,2023-09-08 05:27:55,377
614,8,6,22,2023-09-18 16:25:36,2023-09-18 23:49:36,444
615,4,37,57,2023-09-14 21:55:38,2023-09-15 04:26:38,391
616,12,69,60,2023-10-12 09:01:40,2023-10-12 16:49:40,468
617,10,7,6,2023-09-09 11:45:16,2023-09-09 18:26:16,401
618,9,14,46,2023-10-14 17:08:03,2023-10-15 01:07:03,479
619,8,68,38,2023-09-26 05:07:26,2023-09-26 13:40:26,513
620,1,57,6,2023-10-16 15:17:41,2023-10-16 21:47:41,390
621,5,18,45,2023-09-03 03:41:18,2023-09-03 11:07:18,446
622,12,43,7,2023-09-02 03:33:34,2023-09-02 09:05:34,332
623,3,17,43,2023-10-24 16:05:42,2023-10-25 00:33:42,508
624,13,2,29,2023-09-02 11:10:33,2023-09-02 16:36:33,326
625,1,68,26,2023-10-26 21:49:54,2023-10-27 02:54:54,305
626,5,50,2,2023-09-14 08:04:37,2023-09-14 16:43:37,519
627,13,61,37,2023-10-16 00:56:17,2023-10-16 08:41:17,465
628,9,41,61,2023-09-08 07:23:40,2023-09-08 15:29:40,486
629,9,52,50,2023-10-07 10:50:04,2023-10-07 19:24:04,514
630,5,39,30,2023-10-03 01:37:43,2023-10-03 10:15:43,518
631,6,45,49,2023-09-03 14:58:33,2023-09-03 23:24:33,506
632,2,50,35,2023-10-01 23:30:29,2023-10-02 06:08:29,398
633,6,13,30,2023-10-15 17:36:18,2023-10-16 01:28:18,472
634,7,29,71,2023-09-04 20:55:59,2023-09-05 02:51:59,356
635,5,5,55,2023-10-11 23:00:02,2023-10-12 07:03:02,483
636,2,46,64,2023-10-05 13:33:58,2023-10-05 21:39:58,486
637,11,9,66,2023-09-05 07:57:57,2023-09-05 13:02:57,305
638,5,68,16,2023-09-07 19:07:52,2023-09-08 01:13:52,366
639,1,56,29,2023-10-24 19:23:51,2023-10-25 03:31:51,488
640,13,24,22,2023-09-26 20:12:01,2023-09-27 02:12:01,360
641,14,11,49,2023-09-15 09:46:04,2023-09-15 18:38:04,532
642,14,10,9,2023-09-14 09:20:29,2023-09-14 17:32:29,492
643,12,54,21,2023-09-08 13:09:43,2023-09-08 19:48:43,399
644,8,30,7,2023-10-13 23:34:26,2023-10-14 05:10:26,336
645,1,47,8,2023-10-13 12:29:01,2023-10-13 19:33:01,424
646,10,21,50,2023-10-04 04:49:51,2023-10-04 12:31:51,462
647,11,38,64,2023-10-14 09:44:06,2023-10-14 17:22:06,458
648,14,65,57,2023-10-13 23:24:45,2023-10-14 06:30:45,426
649,1,68,11,2023-10-22 21:05:00,2023-10-23 04:13:00,428
650,13,51,8,2023-09-15 03:16:55,2023-09-15 10:05:55,409
651,6,27,40,2023-09-10 16:38:02,2023-09-10 21:39:02,301
652,12,20,5,2023-09-26 18:37:20,2023-09-27 03:07:20,510
653,6,26,37,2023-09-30 03:31:35,2023-09-30 09:23:35,352
654,9,27,46,2023-09-24 14:19:15,2023-09-24 20:08:15,349
655,12,54,3,2023-09-23 13:02:10,2023-09-23 20:17:10,435
656,10,68,59,2023-10-06 01:44:28,2023-10-06 10:29:28,525
657,2,39,34,2023-10-16 23:34:33,2023-10-17 04:43:33,309
658,12,46,35,2023-10-27 04:59:26,2023-10-27 12:19:26,440
659,9,40,60,2023-09-13 23:20:34,2023-09-14 06:26:34,426
660,9,73,61,2023-09-12 05:01:23,2023-09-12 10:53:23,352
661,1,58,27,2023-09-29 00:41:40,2023-09-29 07:26:40,405
662,7,53,72,2023-10-04 05:41:40,2023-10-04 10:44:40,303
663,2,73,36,2023-10-24 15:42:51,2023-10-24 21:58:51,376
664,8,75,32,2023-09-27 00:42:43,2023-09-27 06:09:43,327
665,9,65,56,2023-09-27 23:57:44,2023-09-28 05:58:44,361
666,5,23,8,2023-10-02 01:57:17,2023-10-02 08:09:17,372
667,8,33,20,2023-10-25 06:22:56,2023-10-25 14:45:56,503
668,8,17,36,2023-09-28 10:10:08,2023-09-28 15:20:08,310
669,10,4,26,2023-10-27 19:23:03,2023-10-28 00:42:03,319
670,7,50,41,2023-09-15 12:30:35,2023-09-15 17:38:35,308
671,10,51,9,2023-09-29 00:01:02,2023-09-29 08:20:02,499
672,13,51,55,2023-10-12 04:32:43,2023-10-12 11:26:43,414
673,1,61,1,2023-10-07 14:15:47,2023-10-07 22:34:47,499
674,7,18,58,2023-09-21 10:08:15,2023-09-21 16:51:15,403
675,11,70,60,2023-10-15 09:28:50,2023-10-15 15:52:50,384
676,5,3,4,2023-10-28 18:32:09,2023-10-29 02:16:09,464
677,10,22,9,2023-09-14 16:23:57,2023-09-14 23:36:57,433
678,8,30,68,2023-09-17 04:50:46,2023-09-17 12:06:46,436
679,8,18,53,2023-09-05 18:38:49,2023-09-06 01:10:49,392
680,8,25,41,2023-09-28 15:52:17,2023-09-28 23:54:17,482
681,4,45,51,2023-09-07 09:59:14,2023-09-07 15:26:14,327
682,4,50,58,2023-09-15 03:32:15,2023-09-15 11:13:15,461
683,2,15,61,2023-10-25 13:39:36,2023-10-25 22:23:36,524
684,2,16,31,2023-09-08 23:50:19,2023-09-09 08:04:19,494
685,4,46,37,2023-09-19 14:03:39,2023-09-19 20:41:39,398
686,9,70,52,2023-10-19 13:05:48,2023-10-19 20:29:48,444
687,3,44,39,2023-10-06 22:05:04,2023-10-07 04:00:04,355
688,7,46,42,2023-09-25 21:44:04,2023-09-26 03:17:04,333
689,1,15,25,2023-09-19 02:23:30,2023-09-19 07:57:30,334
690,6,56,48,2023-09-03 08:32:03,2023-09-03 13:34:03,302
691,12,58,14,2023-09-26 02:27:24,2023-09-26 09:40:24,433
692,5,44,39,2023-10-07 04:16:53,2023-10-07 10:03:53,347
693,10,9,15,2023-09-17 09:17:57,2023-09-17 16:21:57,424
694,13,15,68,2023-10-25 07:26:22,2023-10-25 13:11:22,345
695,1,18,17,2023-10-29 20:24:48,2023-10-30 03:55:48,451
696,7,59,74,2023-10-18 10:32:18,2023-10-18 19:04:18,512
697,14,1,32,2023-09-01 05:23:19,2023-09-01 10:24:19,301
698,3,65,55,2023-10-20 17:43:05,2023-10-21 02:09:05,506
699,14,34,33,2023-10-19 08:21:06,2023-10-19 16:13:06,472
700,2,11,73,2023-09-21 15:59:12,2023-09-21 22:12:12,373
701,11,61,29,2023-10-01 19:47:29,2023-10-02 04:20:29,513
702,13,9,68,2023-09-11 11:54:14,2023-09-11 17:17:14,323
703,4,72,14,2023-09-08 01:18:33,2023-09-08 07:50:33,392
704,2,9,52,2023-10-21 15:12:09,2023-10-21 20:14:09,302
705,3,62,71,2023-10-13 02:24:20,2023-10-13 07:40:20,316
706,7,12,40,2023-10-13 03:33:07,2023-10-13 10:28:07,415
707,8,62,7,2023-10-22 19:28:54,2023-10-23 03:58:54,510
708,12,20,34,2023-10-17 19:40:56,2023-10-18 03:26:56,466
709,12,37,16,2023-09-11 09:28:53,2023-09-11 18:19:53,531
710,5,56,11,2023-10-17 16:45:40,2023-10-17 22:23:40,338
711,13,59,45,2023-09-28 19:11:47,2023-09-29 03:30:47,499
712,14,59,51,2023-09-25 14:44:05,2023-09-25 20:24:05,340
713,11,35,27,2023-09-16 02:13:14,2023-09-16 10:52:14,519
714,10,26,22,2023-10-23 10:33:02,2023-10-23 18:18:02,465
715,4,42,64,2023-09-28 19:37:49,2023-09-29 04:14:49,517
716,10,1,24,2023-09-02 22:23:07,2023-09-03 05:25:07,422
717,7,45,1,2023-09-15 13:38:07,2023-09-15 22:05:07,507
718,13,65,1,2023-10-11 12:26:55,2023-10-11 20:19:55,473
719,3,26,13,2023-09-06 15:15:06,2023-09-06 20:27:06,312
720,8,20,5,2023-10-25 17:00:46,2023-10-25 22:00:46,300
721,11,74,70,2023-09-29 07:08:40,2023-09-29 15:33:40,505
722,14,62,51,2023-10-01 19:15:37,2023-10-02 00:18:37,303
723,9,54,37,2023-09-24 03:05:28,2023-09-24 12:04:28,539
724,13,18,19,2023-10-05 06:00:05,2023-10-05 14:40:05,520
725,6,48,65,2023-10-03 01:34:37,2023-10-03 08:45:37,431
726,3,27,68,2023-10-03 06:05:26,2023-10-03 12:41:26,396
727,9,49,50,2023-10-16 14:30:44,2023-10-16 21:16:44,406
728,5,66,59,2023-10-21 14:47:18,2023-10-21 21:53:18,426
729,2,70,53,2023-10-11 11:38:17,2023-10-11 18:28:17,410
730,1,19,56,2023-09-25 08:18:48,2023-09-25 16:29:48,491
731,4,61,57,2023-10-09 17:24:18,2023-10-10 00:59:18,455
732,4,44,50,2023-09-23 21:51:48,2023-09-24 03:35:48,344
733,1,64,5,2023-09-19 08:38:56,2023-09-19 15:49:56,431
734,3,36,55,2023-10-18 11:41:33,2023-10-18 18:55:33,434
735,12,6,55,2023-10-26 16:14:55,2023-10-26 22:16:55,362
736,8,28,74,2023-09-13 10:27:32,2023-09-13 18:41:32,494
737,1,74,69,2023-09-22 15:26:33,2023-09-22 21:18:33,352
738,8,34,36,2023-09-18 20:45:49,2023-09-19 02:31:49,346
739,13,1,10,2023-09-27 19:42:25,2023-09-28 00:53:25,311
740,14,13,3,2023-10-10 06:56:07,2023-10-10 12:29:07,333
741,8,49,35,2023-09-30 15:09:44,2023-09-30 20:15:44,306
742,8,71,11,2023-10-21 11:45:17,2023-10-21 20:38:17,533
743,4,55,60,2023-09-29 16:58:53,2023-09-30 01:46:53,528
744,5,68,55,2023-10-04 02:06:11,2023-10-04 07:41:11,335
745,9,70,29,2023-10-11 01:47:35,2023-10-11 08:57:35,430
746,14,46,8,2023-10-25 04:46:22,2023-10-25 12:53:22,487
747,10,3,18,2023-10-07 13:08:58,2023-10-07 20:36:58,448
748,1,50,4,2023-10-10 00:59:11,2023-10-10 08:03:11,424
749,1,29,36,2023-09-01 14:00:56,2023-09-01 22:29:56,509
750,1,69,8,2023-10-09 09:12:15,2023-10-09 15:37:15,385
751,7,47,13,2023-09-15 02:33:02,2023-09-15 08:04:02,331
752,7,75,50,2023-10-20 14:42:20,2023-10-20 23:17:20,515
753,4,69,66,2023-09-24 04:47:01,2023-09-24 13:44:01,537
754,12,1,10,2023-09-09 16:11:00,2023-09-09 21:46:00,335
755,9,27,73,2023-10-27 21:27:07,2023-10-28 03:58:07,391
756,4,65,60,2023-09-27 11:14:31,2023-09-27 19:13:31,479
757,7,46,18,2023-09-15 13:53:15,2023-09-15 22:37:15,524
758,8,38,11,2023-10-09 12:39:29,2023-10-09 18:57:29,378
759,1,46,18,2023-09-15 14:25:57,2023-09-15 20:12:57,347
760,2,52,17,2023-10-23 05:05:12,2023-10-23 13:34:12,509
761,14,5,40,2023-09-20 01:28:52,2023-09-20 06:57:52,329
762,6,70,3,2023-10-02 22:36:02,2023-10-03 04:37:02,361
763,9,61,7,2023-09-17 15:32:07,2023-09-17 20:59:07,327
764,8,62,70,2023-10-15 16:32:11,2023-10-15 22:06:11,334
765,3,65,56,2023-09-19 03:10:04,2023-09-19 10:11:04,421
766,4,1,29,2023-10-02 06:39:52,2023-10-02 12:26:52,347
767,10,54,49,2023-10-10 11:23:27,2023-10-10 16:28:27,305
768,10,58,57,2023-10-13 03:41:49,2023-10-13 10:27:49,406
769,7,67,52,2023-10-13 16:56:16,2023-10-13 23:55:16,419
770,5,15,8,2023-09-19 15:52:11,2023-09-20 00:17:11,505
771,2,16,64,2023-09-26 19:17:18,2023-09-27 03:41:18,504
772,2,64,22,2023-10-10 20:36:16,2023-10-11 01:41:16,305
773,2,7,49,2023-09-30 20:09:55,2023-10-01 03:22:55,433
774,2,12,48,2023-09-11 11:11:36,2023-09-11 16:16:36,305
775,7,43,50,2023-10-28 15:02:44,2023-10-28 23:54:44,532
776,8,17,53,2023-09-10 18:16:47,2023-09-11 02:03:47,467
777,1,1,16,2023-09-15 20:38:29,2023-09-16 03:50:29,432
778,4,31,56,2023-09-13 11:11:44,2023-09-13 18:15:44,424
779,5,45,6,2023-09-04 12:36:53,2023-09-04 18:21:53,345
780,5,63,7,2023-10-01 07:50:51,2023-10-01 13:52:51,362
781,4,42,15,2023-10-02 20:22:19,2023-10-03 04:50:19,508
782,7,30,70,2023-10-17 05:12:55,2023-10-17 12:08:55,416
783,4,41,37,2023-10-25 16:33:01,2023-10-25 23:36:01,423
784,11,28,32,2023-10-13 12:45:08,2023-10-13 17:51:08,306
785,11,66,47,2023-09-16 21:30:21,2023-09-17 03:36:21,366
786,5,63,40,2023-10-19 16:55:33,2023-10-19 22:56:33,361
787,2,36,9,2023-10-14 23:32:50,2023-10-15 04:55:50,323
788,13,34,66,2023-09-11 20:15:12,2023-09-12 01:57:12,342
789,6,39,54,2023-10-23 10:45:31,2023-10-23 17:20:31,395
790,14,64,38,2023-09-10 14:05:29,2023-09-10 19:35:29,330
791,12,58,19,2023-10-06 00:17:06,2023-10-06 06:16:06,359
792,8,24,56,2023-10-18 07:21:35,2023-10-18 15:23:35,482
793,4,64,1,2023-09-30 22:36:01,2023-10-01 06:50:01,494
794,11,35,69,2023-10-13 22:13:36,2023-10-14 03:19:36,306
795,11,49,64,2023-09-28 19:45:30,2023-09-29 00:59:30,314
796,11,40,34,2023-09-10 00:54:02,2023-09-10 06:06:02,312
797,12,34,36,2023-10-20 15:45:45,2023-10-20 21:28:45,343
798,6,58,57,2023-10-04 08:39:16,2023-10-04 15:01:16,382
799,10,5,75,2023-09-15 00:46:33,2023-09-15 06:39:33,353
800,4,61,62,2023-09-27 06:31:15,2023-09-27 12:52:15,381
801,1,11,31,2023-09-27 23:41:55,2023-09-28 08:09:55,508
802,12,2,21,2023-09-04 11:24:29,2023-09-04 17:48:29,384
803,3,15,12,2023-09-10 04:59:43,2023-09-10 12:50:43,471
804,13,64,53,2023-09-01 07:52:56,2023-09-01 15:56:56,484
805,4,4,2,2023-10-16 11:26:11,2023-10-16 20:22:11,536
806,9,7,70,2023-09-03 11:34:49,2023-09-03 18:20:49,406
807,1,31,75,2023-10-01 16:30:03,2023-10-01 23:28:03,418
808,3,38,22,2023-10-24 13:16:16,2023-10-24 19:22:16,366
809,11,37,54,2023-10-06 16:10:58,2023-10-07 00:51:58,521
810,11,68,2,2023-09-15 03:15:17,2023-09-15 09:47:17,392
811,3,19,18,2023-10-15 03:15:23,2023-10-15 09:13:23,358
812,7,67,16,2023-10-21 22:03:59,2023-10-22 06:14:59,491
813,1,24,18,2023-10-24 17:00:54,2023-10-24 23:11:54,371
814,2,17,33,2023-10-21 06:09:07,2023-10-21 14:25:07,496
815,4,75,45,2023-10-28 19:29:18,2023-10-29 02:57:18,448
816,14,39,13,2023-10-10 21:15:07,2023-10-11 05:49:07,514
817,10,55,72,2023-10-18 12:18:13,2023-10-18 18:47:13,389
818,11,66,71,2023-10-05 14:05:02,2023-10-05 19:47:02,342
819,2,24,19,2023-09-20 06:10:45,2023-09-20 14:00:45,470
820,11,26,5,2023-09-01 18:39:40,2023-09-02 03:12:40,513
821,1,6,68,2023-09-14 08:17:28,2023-09-14 14:32:28,375
822,1,7,31,2023-09-01 08:13:19,2023-09-01 16:30:19,497
823,9,73,19,2023-09-27 17:08:56,2023-09-28 01:48:56,520
824,6,1,29,2023-09-17 14:00:59,2023-09-17 21:14:59,434
825,4,71,4,2023-09-08 12:37:38,2023-09-08 18:50:38,373
826,3,73,67,2023-10-22 21:49:40,2023-10-23 03:34:40,345
827,12,66,36,2023-09-01 20:24:11,2023-09-02 04:08:11,464
828,1,46,8,2023-10-17 18:32:13,2023-10-18 00:03:13,331
829,5,18,41,2023-10-17 23:38:23,2023-10-18 04:53:23,315
830,1,38,65,2023-09-14 02:35:43,2023-09-14 09:20:43,405
831,11,31,6,2023-09-02 21:13:34,2023-09-03 02:44:34,331
832,9,17,11,2023-10-01 10:06:31,2023-10-01 16:04:31,358
833,12,51,62,2023-09-12 20:42:19,2023-09-13 03:01:19,379
834,13,47,20,2023-09-11 04:32:45,2023-09-11 09:59:45,327
835,9,22,67,2023-10-24 09:55:11,2023-10-24 17:02:11,427
836,3,23,38,2023-09-13 10:11:17,2023-09-13 17:14:17,423
837,6,2,55,2023-09-11 22:31:14,2023-09-12 07:30:14,539
838,2,47,59,2023-09-27 01:58:42,2023-09-27 10:11:42,493
839,6,29,74,2023-09-24 19:03:43,2023-09-25 00:28:43,325
840,14,7,26,2023-09-09 05:21:37,2023-09-09 13:43:37,502
841,14,64,38,2023-09-18 23:52:24,2023-09-19 05:42:24,350
842,3,75,21,2023-10-14 22:04:49,2023-10-15 03:58:49,354
843,8,36,11,2023-10-07 23:19:59,2023-10-08 08:03:59,524
844,8,56,51,2023-09-19 07:38:43,2023-09-19 14:43:43,425
845,5,36,19,2023-10-12 08:40:10,2023-10-12 17:24:10,524
846,1,32,40,2023-10-27 22:05:27,2023-10-28 03:17:27,312
847,4,48,4,2023-10-13 22:52:19,2023-10-14 05:34:19,402
848,14,52,6,2023-10-29 01:45:42,2023-10-29 07:33:42,348
849,5,39,33,2023-09-22 23:18:00,2023-09-23 05:14:00,356
850,1,45,10,2023-09-07 03:49:34,2023-09-07 09:55:34,366
851,13,17,7,2023-09-14 21:35:25,2023-09-15 03:01:25,326
852,8,38,1,2023-09-20 00:22:11,2023-09-20 08:33:11,491
853,9,33,31,2023-10-01 05:15:54,2023-10-01 13:27:54,492
854,6,30,61,2023-09-06 22:18:47,2023-09-07 05:13:47,415
855,8,53,2,2023-09-21 05:43:23,2023-09-21 12:06:23,383
856,5,60,61,2023-10-04 12:29:43,2023-10-04 21:18:43,529
857,13,6,17,2023-09-02 05:13:20,2023-09-02 12:44:20,451
858,5,39,28,2023-10-13 13:41:25,2023-10-13 20:29:25,408
859,7,28,55,2023-09-10 08:38:11,2023-09-10 15:09:11,391
860,7,3,13,2023-09-02 19:24:31,2023-09-03 02:29:31,425
861,1,19,12,2023-09-18 19:02:27,2023-09-19 03:59:27,537
862,5,49,42,2023-09-01 16:06:01,2023-09-01 23:05:01,419
863,6,11,13,2023-09-07 12:31:57,2023-09-07 18:02:57,331
864,13,43,67,2023-09-08 21:49:36,2023-09-09 05:21:36,452
865,9,67,42,2023-10-05 22:26:57,2023-10-06 05:27:57,421
866,11,16,57,2023-09-09 15:07:35,2023-09-09 23:21:35,494
867,11,45,27,2023-10-17 09:04:06,2023-10-17 15:55:06,411
868,10,18,74,2023-09-22 08:14:44,2023-09-22 14:12:44,358
869,13,61,35,2023-10-11 07:28:33,2023-10-11 15:14:33,466
870,6,40,27,2023-09-18 03:56:12,2023-09-18 12:06:12,490
871,10,43,17,2023-10-09 06:22:58,2023-10-09 14:06:58,464
872,4,41,13,2023-09-28 08:48:23,2023-09-28 17:42:23,534
873,5,54,55,2023-10-07 03:23:27,2023-10-07 08:42:27,319
874,5,71,35,2023-09-23 01:47:29,2023-09-23 08:52:29,425
875,9,9,22,2023-09-21 23:32:18,2023-09-22 05:58:18,386
876,3,17,1,2023-09-13 13:49:58,2023-09-13 18:54:58,305
877,10,56,74,2023-10-23 19:04:32,2023-10-24 00:07:32,303
878,13,38,1,2023-09-09 21:59:54,2023-09-10 03:44:54,345
879,8,7,12,2023-09-27 22:44:03,2023-09-28 05:01:03,377
880,5,69,16,2023-10-02 20:13:02,2023-10-03 01:17:02,304
881,9,52,17,2023-09-29 14:47:25,2023-09-29 21:11:25,384
882,4,51,46,2023-10-09 08:54:53,2023-10-09 17:51:53,537
883,13,18,28,2023-10-12 05:56:37,2023-10-12 12:14:37,378
884,7,49,6,2023-09-06 03:40:39,2023-09-06 09:31:39,351
885,14,21,57,2023-09-26 13:44:37,2023-09-26 19:01:37,317
886,9,70,75,2023-09-24 21:15:16,2023-09-25 03:21:16,366
887,8,65,58,2023-09-05 00:08:09,2023-09-05 07:31:09,443
888,4,19,33,2023-09-15 11:03:46,2023-09-15 16:44:46,341
889,10,24,60,2023-10-14 08:39:32,2023-10-14 17:06:32,507
890,5,23,65,2023-09-19 17:59:16,2023-09-20 01:22:16,443
891,5,42,61,2023-09-17 18:46:53,2023-09-17 23:58:53,312
892,14,60,7,2023-09-20 08:58:09,2023-09-20 17:49:09,531
893,14,73,19,2023-09-30 22:31:09,2023-10-01 05:49:09,438
894,14,18,39,2023-09-03 15:12:24,2023-09-03 21:04:24,352
895,13,49,28,2023-09-30 10:44:17,2023-09-30 17:51:17,427
896,1,71,8,2023-10-26 15:32:25,2023-10-26 23:07:25,455
897,2,17,47,2023-09-02 11:24:50,2023-09-02 18:46:50,442
898,5,33,7,2023-10-28 18:32:02,2023-10-29 00:02:02,330
899,6,27,31,2023-09-02 20:42:31,2023-09-03 02:44:31,362
900,5,44,75,2023-10-25 15:50:52,2023-10-25 23:45:52,475
901,1,31,32,2023-09-06 20:21:30,2023-09-07 01:41:30,320
902,9,67,45,2023-09-07 08:32:38,2023-09-07 17:22:38,530
903,8,58,21,2023-09-05 04:08:52,2023-09-05 11:07:52,419
904,3,28,11,2023-10-22 20:57:53,2023-10-23 05:37:53,520
905,7,18,43,2023-10-25 19:03:03,2023-10-26 03:50:03,527
906,14,53,6,2023-09-16 14:41:32,2023-09-16 21:16:32,395
907,12,28,72,2023-10-22 08:07:56,2023-10-22 15:59:56,472
908,2,22,42,2023-09-03 23:57:45,2023-09-04 05:59:45,362
909,3,62,34,2023-10-13 11:00:37,2023-10-13 18:27:37,447
910,2,26,2,2023-10-15 23:24:49,2023-10-16 04:41:49,317
911,12,58,23,2023-09-16 06:05:54,2023-09-16 14:20:54,495
912,13,5,7,2023-10-22 14:15:43,2023-10-22 23:12:43,537
913,12,68,61,2023-09-22 05:22:44,2023-09-22 12:32:44,430
914,1,53,12,2023-10-25 21:36:38,2023-10-26 04:05:38,389
915,12,37,38,2023-09-08 17:30:27,2023-09-08 22:34:27,304
916,3,72,35,2023-09-23 01:52:39,2023-09-23 08:32:39,400
917,8,26,13,2023-09-03 05:03:42,2023-09-03 11:56:42,413
918,6,26,16,2023-09-27 21:10:07,2023-09-28 05:27:07,497
919,7,30,31,2023-10-22 16:23:23,2023-10-23 00:09:23,466
920,12,50,1,2023-10-06 13:35:54,2023-10-06 19:56:54,381
921,4,52,7,2023-10-13 16:27:32,2023-10-13 23:43:32,436
922,11,36,38,2023-09-28 20:44:24,2023-09-29 03:43:24,419
923,13,4,48,2023-10-08 08:03:58,2023-10-08 15:06:58,423
924,1,41,6,2023-09-29 03:26:42,2023-09-29 11:01:42,455
925,3,42,51,2023-09-23 09:52:04,2023-09-23 17:37:04,465
926,11,61,73,2023-10-16 01:46:56,2023-10-16 06:57:56,311
927,2,48,4,2023-10-10 07:37:54,2023-10-10 16:04:54,507
928,9,11,60,2023-09-15 07:55:03,2023-09-15 14:38:03,403
929,4,70,26,2023-09-15 22:48:23,2023-09-16 05:56:23,428
930,3,51,61,2023-09-01 07:38:54,2023-09-01 13:03:54,325
931,12,40,5,2023-10-28 21:31:09,2023-10-29 03:43:09,372
932,7,39,60,2023-09-30 00:26:31,2023-09-30 07:43:31,437
933,7,72,9,2023-10-26 13:50:01,2023-10-26 18:55:01,305
934,5,55,58,2023-10-25 15:33:54,2023-10-25 21:23:54,350
935,13,62,28,2023-09-27 04:04:27,2023-09-27 12:49:27,525
936,6,44,23,2023-09-29 10:17:43,2023-09-29 19:08:43,531
937,8,45,18,2023-09-13 06:54:37,2023-09-13 12:09:37,315
938,14,42,36,2023-10-20 15:25:31,2023-10-20 20:49:31,324
939,13,5,43,2023-10-25 01:57:47,2023-10-25 07:41:47,344
940,11,62,51,2023-09-16 03:53:31,2023-09-16 10:34:31,401
941,1,31,75,2023-10-29 06:35:10,2023-10-29 12:20:10,345
942,9,66,44,2023-09-29 20:59:42,2023-09-30 05:56:42,537
943,11,23,67,2023-09-13 00:34:31,2023-09-13 06:34:31,360
944,12,72,9,2023-09-22 23:03:01,2023-09-23 06:17:01,434
945,1,61,38,2023-09-01 05:17:58,2023-09-01 12:52:58,455
946,12,54,42,2023-09-12 22:28:32,2023-09-13 06:46:32,498
947,5,23,47,2023-09-21 20:58:46,2023-09-22 05:08:46,490
948,12,10,47,2023-10-18 09:10:02,2023-10-18 16:33:02,443
949,2,72,17,2023-09-11 13:36:37,2023-09-11 21:58:37,502
950,9,35,16,2023-10-05 17:06:50,2023-10-06 00:09:50,423
951,2,5,64,2023-09-11 04:49:04,2023-09-11 13:48:04,539
952,10,25,2,2023-10-12 19:27:45,2023-10-13 00:42:45,315
953,6,35,62,2023-09-24 16:12:10,2023-09-25 01:02:10,530
954,6,32,25,2023-09-22 01:41:25,2023-09-22 10:04:25,503
955,2,59,65,2023-10-16 20:25:41,2023-10-17 02:21:41,356
956,8,55,65,2023-09-11 17:09:21,2023-09-11 22:23:21,314
957,5,65,46,2023-09-16 06:43:44,2023-09-16 15:00:44,497
958,14,63,45,2023-10-18 16:01:33,2023-10-18 21:53:33,352
959,14,17,13,2023-10-11 12:31:35,2023-10-11 19:45:35,434
960,13,19,73,2023-10-15 10:55:43,2023-10-15 19:55:43,540
961,12,52,40,2023-10-22 16:21:11,2023-10-23 01:07:11,526
962,1,72,69,2023-09-22 14:32:35,2023-09-22 20:02:35,330
963,12,65,21,2023-09-10 02:24:46,2023-09-10 11:17:46,533
964,8,50,20,2023-09-24 08:08:18,2023-09-24 13:42:18,334
965,1,40,24,2023-09-14 12:51:41,2023-09-14 20:10:41,439
966,4,27,69,2023-10-05 04:29:58,2023-10-05 11:11:58,402
967,4,38,40,2023-10-11 22:43:48,2023-10-12 04:17:48,334
968,3,15,20,2023-09-12 20:28:33,2023-09-13 04:32:33,484
969,14,21,25,2023-10-09 11:33:11,2023-10-09 18:56:11,443
970,5,6,60,2023-09-27 04:55:18,2023-09-27 10:56:18,361
971,4,32,30,2023-10-14 12:02:15,2023-10-14 17:42:15,340
972,14,61,64,2023-09-13 05:35:06,2023-09-13 13:39:06,484
973,7,71,54,2023-09-15 08:02:51,2023-09-15 14:50:51,408
974,5,29,66,2023-10-12 18:18:28,2023-10-13 01:19:28,421
975,4,46,45,2023-10-16 22:42:36,2023-10-17 04:52:36,370
976,12,6,46,2023-10-16 10:09:10,2023-10-16 15:27:10,318
977,2,37,43,2023-10-14 19:27:20,2023-10-15 02:07:20,400
978,5,51,74,2023-10-09 02:11:50,2023-10-09 08:29:50,378
979,4,68,13,2023-09-24 03:12:28,2023-09-24 09:22:28,370
980,6,50,26,2023-10-04 21:35:29,2023-10-05 05:19:29,464
981,3,22,20,2023-10-23 15:35:37,2023-10-23 21:53:37,378
982,10,19,71,2023-10-14 15:44:52,2023-10-14 23:43:52,479
983,12,25,63,2023-10-20 17:06:55,2023-10-21 01:01:55,475
984,5,52,21,2023-09-06 11:00:05,2023-09-06 20:00:05,540
985,11,2,12,2023-09-27 03:11:09,2023-09-27 12:04:09,533
986,13,51,70,2023-10-13 03:52:42,2023-10-13 11:36:42,464
987,3,7,38,2023-10-27 10:25:12,2023-10-27 17:45:12,440
988,6,2,67,2023-10-10 11:08:27,2023-10-10 20:06:27,538
989,5,71,2,2023-09-20 21:36:00,2023-09-21 04:29:00,413
990,2,44,21,2023-09-15 03:47:21,2023-09-15 10:44:21,417
991,2,64,67,2023-10-22 17:19:19,2023-10-23 01:42:19,503
992,8,34,62,2023-10-17 23:31:53,2023-10-18 05:14:53,343
993,10,1,24,2023-10-27 03:07:34,2023-10-27 08:43:34,336
994,12,4,1,2023-10-27 06:58:50,2023-10-27 13:52:50,414
995,9,22,10,2023-10-29 21:31:54,2023-10-30 06:29:54,538
996,3,50,24,2023-09-29 02:25:44,2023-09-29 10:06:44,461
997,7,70,73,2023-09-23 17:14:23,2023-09-24 01:23:23,489
998,14,35,71,2023-09-22 22:25:54,2023-09-23 06:59:54,514
999,12,34,52,2023-10-19 07:47:23,2023-10-19 14:59:23,432
1000,1,69,2,2023-10-11 18:42:17,2023-10-12 01:27:17,405
